[{"model": "admin.logentry", "pk": 1, "fields": {"action_time": "2022-01-21T09:50:14.354Z", "user": 1, "content_type": 36, "object_id": "1", "object_repr": "DataType object (1)", "action_flag": 1, "change_message": "[{\"added\": {}}]"}}, {"model": "admin.logentry", "pk": 2, "fields": {"action_time": "2022-01-21T09:50:21.626Z", "user": 1, "content_type": 36, "object_id": "2", "object_repr": "DataType object (2)", "action_flag": 1, "change_message": "[{\"added\": {}}]"}}, {"model": "admin.logentry", "pk": 3, "fields": {"action_time": "2022-01-21T09:50:40.922Z", "user": 1, "content_type": 37, "object_id": "1", "object_repr": "Employeetype object (1)", "action_flag": 1, "change_message": "[{\"added\": {}}]"}}, {"model": "admin.logentry", "pk": 4, "fields": {"action_time": "2022-01-21T09:50:48.437Z", "user": 1, "content_type": 37, "object_id": "2", "object_repr": "Employeetype object (2)", "action_flag": 1, "change_message": "[{\"added\": {}}]"}}, {"model": "admin.logentry", "pk": 5, "fields": {"action_time": "2022-01-21T09:50:59.547Z", "user": 1, "content_type": 37, "object_id": "3", "object_repr": "Employeetype object (3)", "action_flag": 1, "change_message": "[{\"added\": {}}]"}}, {"model": "admin.logentry", "pk": 6, "fields": {"action_time": "2022-01-21T09:51:17.038Z", "user": 1, "content_type": 37, "object_id": "4", "object_repr": "Employeetype object (4)", "action_flag": 1, "change_message": "[{\"added\": {}}]"}}, {"model": "admin.logentry", "pk": 7, "fields": {"action_time": "2022-01-21T09:51:54.030Z", "user": 1, "content_type": 45, "object_id": "1", "object_repr": "TimeRange object (1)", "action_flag": 1, "change_message": "[{\"added\": {}}]"}}, {"model": "admin.logentry", "pk": 8, "fields": {"action_time": "2022-01-21T09:52:03.645Z", "user": 1, "content_type": 45, "object_id": "2", "object_repr": "TimeRange object (2)", "action_flag": 1, "change_message": "[{\"added\": {}}]"}}, {"model": "admin.logentry", "pk": 9, "fields": {"action_time": "2022-01-21T09:52:09.823Z", "user": 1, "content_type": 45, "object_id": "3", "object_repr": "TimeRange object (3)", "action_flag": 1, "change_message": "[{\"added\": {}}]"}}, {"model": "admin.logentry", "pk": 10, "fields": {"action_time": "2022-01-21T10:07:00.306Z", "user": 1, "content_type": 4, "object_id": "1", "object_repr": "admin", "action_flag": 2, "change_message": "[{\"changed\": {\"fields\": [\"password\"]}}]"}}, {"model": "auth.permission", "pk": 1, "fields": {"name": "Can add log entry", "content_type": 1, "codename": "add_logentry"}}, {"model": "auth.permission", "pk": 2, "fields": {"name": "Can change log entry", "content_type": 1, "codename": "change_logentry"}}, {"model": "auth.permission", "pk": 3, "fields": {"name": "Can delete log entry", "content_type": 1, "codename": "delete_logentry"}}, {"model": "auth.permission", "pk": 4, "fields": {"name": "Can view log entry", "content_type": 1, "codename": "view_logentry"}}, {"model": "auth.permission", "pk": 5, "fields": {"name": "Can add permission", "content_type": 2, "codename": "add_permission"}}, {"model": "auth.permission", "pk": 6, "fields": {"name": "Can change permission", "content_type": 2, "codename": "change_permission"}}, {"model": "auth.permission", "pk": 7, "fields": {"name": "Can delete permission", "content_type": 2, "codename": "delete_permission"}}, {"model": "auth.permission", "pk": 8, "fields": {"name": "Can view permission", "content_type": 2, "codename": "view_permission"}}, {"model": "auth.permission", "pk": 9, "fields": {"name": "Can add group", "content_type": 3, "codename": "add_group"}}, {"model": "auth.permission", "pk": 10, "fields": {"name": "Can change group", "content_type": 3, "codename": "change_group"}}, {"model": "auth.permission", "pk": 11, "fields": {"name": "Can delete group", "content_type": 3, "codename": "delete_group"}}, {"model": "auth.permission", "pk": 12, "fields": {"name": "Can view group", "content_type": 3, "codename": "view_group"}}, {"model": "auth.permission", "pk": 13, "fields": {"name": "Can add user", "content_type": 4, "codename": "add_user"}}, {"model": "auth.permission", "pk": 14, "fields": {"name": "Can change user", "content_type": 4, "codename": "change_user"}}, {"model": "auth.permission", "pk": 15, "fields": {"name": "Can delete user", "content_type": 4, "codename": "delete_user"}}, {"model": "auth.permission", "pk": 16, "fields": {"name": "Can view user", "content_type": 4, "codename": "view_user"}}, {"model": "auth.permission", "pk": 17, "fields": {"name": "Can add content type", "content_type": 5, "codename": "add_contenttype"}}, {"model": "auth.permission", "pk": 18, "fields": {"name": "Can change content type", "content_type": 5, "codename": "change_contenttype"}}, {"model": "auth.permission", "pk": 19, "fields": {"name": "Can delete content type", "content_type": 5, "codename": "delete_contenttype"}}, {"model": "auth.permission", "pk": 20, "fields": {"name": "Can view content type", "content_type": 5, "codename": "view_contenttype"}}, {"model": "auth.permission", "pk": 21, "fields": {"name": "Can add session", "content_type": 6, "codename": "add_session"}}, {"model": "auth.permission", "pk": 22, "fields": {"name": "Can change session", "content_type": 6, "codename": "change_session"}}, {"model": "auth.permission", "pk": 23, "fields": {"name": "Can delete session", "content_type": 6, "codename": "delete_session"}}, {"model": "auth.permission", "pk": 24, "fields": {"name": "Can view session", "content_type": 6, "codename": "view_session"}}, {"model": "auth.permission", "pk": 25, "fields": {"name": "Can add activity", "content_type": 7, "codename": "add_activity"}}, {"model": "auth.permission", "pk": 26, "fields": {"name": "Can change activity", "content_type": 7, "codename": "change_activity"}}, {"model": "auth.permission", "pk": 27, "fields": {"name": "Can delete activity", "content_type": 7, "codename": "delete_activity"}}, {"model": "auth.permission", "pk": 28, "fields": {"name": "Can view activity", "content_type": 7, "codename": "view_activity"}}, {"model": "auth.permission", "pk": 29, "fields": {"name": "Can add employee", "content_type": 8, "codename": "add_employee"}}, {"model": "auth.permission", "pk": 30, "fields": {"name": "Can change employee", "content_type": 8, "codename": "change_employee"}}, {"model": "auth.permission", "pk": 31, "fields": {"name": "Can delete employee", "content_type": 8, "codename": "delete_employee"}}, {"model": "auth.permission", "pk": 32, "fields": {"name": "Can view employee", "content_type": 8, "codename": "view_employee"}}, {"model": "auth.permission", "pk": 33, "fields": {"name": "Can add employeetype", "content_type": 9, "codename": "add_employeetype"}}, {"model": "auth.permission", "pk": 34, "fields": {"name": "Can change employeetype", "content_type": 9, "codename": "change_employeetype"}}, {"model": "auth.permission", "pk": 35, "fields": {"name": "Can delete employeetype", "content_type": 9, "codename": "delete_employeetype"}}, {"model": "auth.permission", "pk": 36, "fields": {"name": "Can view employeetype", "content_type": 9, "codename": "view_employeetype"}}, {"model": "auth.permission", "pk": 37, "fields": {"name": "Can add process", "content_type": 10, "codename": "add_process"}}, {"model": "auth.permission", "pk": 38, "fields": {"name": "Can change process", "content_type": 10, "codename": "change_process"}}, {"model": "auth.permission", "pk": 39, "fields": {"name": "Can delete process", "content_type": 10, "codename": "delete_process"}}, {"model": "auth.permission", "pk": 40, "fields": {"name": "Can view process", "content_type": 10, "codename": "view_process"}}, {"model": "auth.permission", "pk": 41, "fields": {"name": "Can add rule", "content_type": 11, "codename": "add_rule"}}, {"model": "auth.permission", "pk": 42, "fields": {"name": "Can change rule", "content_type": 11, "codename": "change_rule"}}, {"model": "auth.permission", "pk": 43, "fields": {"name": "Can delete rule", "content_type": 11, "codename": "delete_rule"}}, {"model": "auth.permission", "pk": 44, "fields": {"name": "Can view rule", "content_type": 11, "codename": "view_rule"}}, {"model": "auth.permission", "pk": 45, "fields": {"name": "Can add unit", "content_type": 12, "codename": "add_unit"}}, {"model": "auth.permission", "pk": 46, "fields": {"name": "Can change unit", "content_type": 12, "codename": "change_unit"}}, {"model": "auth.permission", "pk": 47, "fields": {"name": "Can delete unit", "content_type": 12, "codename": "delete_unit"}}, {"model": "auth.permission", "pk": 48, "fields": {"name": "Can view unit", "content_type": 12, "codename": "view_unit"}}, {"model": "auth.permission", "pk": 49, "fields": {"name": "Can add auth group", "content_type": 13, "codename": "add_authgroup"}}, {"model": "auth.permission", "pk": 50, "fields": {"name": "Can change auth group", "content_type": 13, "codename": "change_authgroup"}}, {"model": "auth.permission", "pk": 51, "fields": {"name": "Can delete auth group", "content_type": 13, "codename": "delete_authgroup"}}, {"model": "auth.permission", "pk": 52, "fields": {"name": "Can view auth group", "content_type": 13, "codename": "view_authgroup"}}, {"model": "auth.permission", "pk": 53, "fields": {"name": "Can add auth group permissions", "content_type": 14, "codename": "add_authgrouppermissions"}}, {"model": "auth.permission", "pk": 54, "fields": {"name": "Can change auth group permissions", "content_type": 14, "codename": "change_authgrouppermissions"}}, {"model": "auth.permission", "pk": 55, "fields": {"name": "Can delete auth group permissions", "content_type": 14, "codename": "delete_authgrouppermissions"}}, {"model": "auth.permission", "pk": 56, "fields": {"name": "Can view auth group permissions", "content_type": 14, "codename": "view_authgrouppermissions"}}, {"model": "auth.permission", "pk": 57, "fields": {"name": "Can add auth permission", "content_type": 15, "codename": "add_authpermission"}}, {"model": "auth.permission", "pk": 58, "fields": {"name": "Can change auth permission", "content_type": 15, "codename": "change_authpermission"}}, {"model": "auth.permission", "pk": 59, "fields": {"name": "Can delete auth permission", "content_type": 15, "codename": "delete_authpermission"}}, {"model": "auth.permission", "pk": 60, "fields": {"name": "Can view auth permission", "content_type": 15, "codename": "view_authpermission"}}, {"model": "auth.permission", "pk": 61, "fields": {"name": "Can add auth user", "content_type": 16, "codename": "add_authuser"}}, {"model": "auth.permission", "pk": 62, "fields": {"name": "Can change auth user", "content_type": 16, "codename": "change_authuser"}}, {"model": "auth.permission", "pk": 63, "fields": {"name": "Can delete auth user", "content_type": 16, "codename": "delete_authuser"}}, {"model": "auth.permission", "pk": 64, "fields": {"name": "Can view auth user", "content_type": 16, "codename": "view_authuser"}}, {"model": "auth.permission", "pk": 65, "fields": {"name": "Can add auth user groups", "content_type": 17, "codename": "add_authusergroups"}}, {"model": "auth.permission", "pk": 66, "fields": {"name": "Can change auth user groups", "content_type": 17, "codename": "change_authusergroups"}}, {"model": "auth.permission", "pk": 67, "fields": {"name": "Can delete auth user groups", "content_type": 17, "codename": "delete_authusergroups"}}, {"model": "auth.permission", "pk": 68, "fields": {"name": "Can view auth user groups", "content_type": 17, "codename": "view_authusergroups"}}, {"model": "auth.permission", "pk": 69, "fields": {"name": "Can add auth user user permissions", "content_type": 18, "codename": "add_authuseruserpermissions"}}, {"model": "auth.permission", "pk": 70, "fields": {"name": "Can change auth user user permissions", "content_type": 18, "codename": "change_authuseruserpermissions"}}, {"model": "auth.permission", "pk": 71, "fields": {"name": "Can delete auth user user permissions", "content_type": 18, "codename": "delete_authuseruserpermissions"}}, {"model": "auth.permission", "pk": 72, "fields": {"name": "Can view auth user user permissions", "content_type": 18, "codename": "view_authuseruserpermissions"}}, {"model": "auth.permission", "pk": 73, "fields": {"name": "Can add django admin log", "content_type": 19, "codename": "add_djangoadminlog"}}, {"model": "auth.permission", "pk": 74, "fields": {"name": "Can change django admin log", "content_type": 19, "codename": "change_djangoadminlog"}}, {"model": "auth.permission", "pk": 75, "fields": {"name": "Can delete django admin log", "content_type": 19, "codename": "delete_djangoadminlog"}}, {"model": "auth.permission", "pk": 76, "fields": {"name": "Can view django admin log", "content_type": 19, "codename": "view_djangoadminlog"}}, {"model": "auth.permission", "pk": 77, "fields": {"name": "Can add django content type", "content_type": 20, "codename": "add_djangocontenttype"}}, {"model": "auth.permission", "pk": 78, "fields": {"name": "Can change django content type", "content_type": 20, "codename": "change_djangocontenttype"}}, {"model": "auth.permission", "pk": 79, "fields": {"name": "Can delete django content type", "content_type": 20, "codename": "delete_djangocontenttype"}}, {"model": "auth.permission", "pk": 80, "fields": {"name": "Can view django content type", "content_type": 20, "codename": "view_djangocontenttype"}}, {"model": "auth.permission", "pk": 81, "fields": {"name": "Can add django migrations", "content_type": 21, "codename": "add_djangomigrations"}}, {"model": "auth.permission", "pk": 82, "fields": {"name": "Can change django migrations", "content_type": 21, "codename": "change_djangomigrations"}}, {"model": "auth.permission", "pk": 83, "fields": {"name": "Can delete django migrations", "content_type": 21, "codename": "delete_djangomigrations"}}, {"model": "auth.permission", "pk": 84, "fields": {"name": "Can view django migrations", "content_type": 21, "codename": "view_djangomigrations"}}, {"model": "auth.permission", "pk": 85, "fields": {"name": "Can add django session", "content_type": 22, "codename": "add_djangosession"}}, {"model": "auth.permission", "pk": 86, "fields": {"name": "Can change django session", "content_type": 22, "codename": "change_djangosession"}}, {"model": "auth.permission", "pk": 87, "fields": {"name": "Can delete django session", "content_type": 22, "codename": "delete_djangosession"}}, {"model": "auth.permission", "pk": 88, "fields": {"name": "Can view django session", "content_type": 22, "codename": "view_djangosession"}}, {"model": "auth.permission", "pk": 89, "fields": {"name": "Can add rule has process", "content_type": 23, "codename": "add_rulehasprocess"}}, {"model": "auth.permission", "pk": 90, "fields": {"name": "Can change rule has process", "content_type": 23, "codename": "change_rulehasprocess"}}, {"model": "auth.permission", "pk": 91, "fields": {"name": "Can delete rule has process", "content_type": 23, "codename": "delete_rulehasprocess"}}, {"model": "auth.permission", "pk": 92, "fields": {"name": "Can view rule has process", "content_type": 23, "codename": "view_rulehasprocess"}}, {"model": "auth.permission", "pk": 93, "fields": {"name": "Can add time range", "content_type": 24, "codename": "add_timerange"}}, {"model": "auth.permission", "pk": 94, "fields": {"name": "Can change time range", "content_type": 24, "codename": "change_timerange"}}, {"model": "auth.permission", "pk": 95, "fields": {"name": "Can delete time range", "content_type": 24, "codename": "delete_timerange"}}, {"model": "auth.permission", "pk": 96, "fields": {"name": "Can view time range", "content_type": 24, "codename": "view_timerange"}}, {"model": "auth.permission", "pk": 97, "fields": {"name": "Can add data type", "content_type": 25, "codename": "add_datatype"}}, {"model": "auth.permission", "pk": 98, "fields": {"name": "Can change data type", "content_type": 25, "codename": "change_datatype"}}, {"model": "auth.permission", "pk": 99, "fields": {"name": "Can delete data type", "content_type": 25, "codename": "delete_datatype"}}, {"model": "auth.permission", "pk": 100, "fields": {"name": "Can view data type", "content_type": 25, "codename": "view_datatype"}}, {"model": "auth.permission", "pk": 101, "fields": {"name": "Can add rule has employee", "content_type": 26, "codename": "add_rulehasemployee"}}, {"model": "auth.permission", "pk": 102, "fields": {"name": "Can change rule has employee", "content_type": 26, "codename": "change_rulehasemployee"}}, {"model": "auth.permission", "pk": 103, "fields": {"name": "Can delete rule has employee", "content_type": 26, "codename": "delete_rulehasemployee"}}, {"model": "auth.permission", "pk": 104, "fields": {"name": "Can view rule has employee", "content_type": 26, "codename": "view_rulehasemployee"}}, {"model": "auth.permission", "pk": 105, "fields": {"name": "Can add auth group", "content_type": 27, "codename": "add_authgroup"}}, {"model": "auth.permission", "pk": 106, "fields": {"name": "Can change auth group", "content_type": 27, "codename": "change_authgroup"}}, {"model": "auth.permission", "pk": 107, "fields": {"name": "Can delete auth group", "content_type": 27, "codename": "delete_authgroup"}}, {"model": "auth.permission", "pk": 108, "fields": {"name": "Can view auth group", "content_type": 27, "codename": "view_authgroup"}}, {"model": "auth.permission", "pk": 109, "fields": {"name": "Can add auth group permissions", "content_type": 28, "codename": "add_authgrouppermissions"}}, {"model": "auth.permission", "pk": 110, "fields": {"name": "Can change auth group permissions", "content_type": 28, "codename": "change_authgrouppermissions"}}, {"model": "auth.permission", "pk": 111, "fields": {"name": "Can delete auth group permissions", "content_type": 28, "codename": "delete_authgrouppermissions"}}, {"model": "auth.permission", "pk": 112, "fields": {"name": "Can view auth group permissions", "content_type": 28, "codename": "view_authgrouppermissions"}}, {"model": "auth.permission", "pk": 113, "fields": {"name": "Can add auth permission", "content_type": 29, "codename": "add_authpermission"}}, {"model": "auth.permission", "pk": 114, "fields": {"name": "Can change auth permission", "content_type": 29, "codename": "change_authpermission"}}, {"model": "auth.permission", "pk": 115, "fields": {"name": "Can delete auth permission", "content_type": 29, "codename": "delete_authpermission"}}, {"model": "auth.permission", "pk": 116, "fields": {"name": "Can view auth permission", "content_type": 29, "codename": "view_authpermission"}}, {"model": "auth.permission", "pk": 117, "fields": {"name": "Can add auth user groups", "content_type": 30, "codename": "add_authusergroups"}}, {"model": "auth.permission", "pk": 118, "fields": {"name": "Can change auth user groups", "content_type": 30, "codename": "change_authusergroups"}}, {"model": "auth.permission", "pk": 119, "fields": {"name": "Can delete auth user groups", "content_type": 30, "codename": "delete_authusergroups"}}, {"model": "auth.permission", "pk": 120, "fields": {"name": "Can view auth user groups", "content_type": 30, "codename": "view_authusergroups"}}, {"model": "auth.permission", "pk": 121, "fields": {"name": "Can add auth user user permissions", "content_type": 31, "codename": "add_authuseruserpermissions"}}, {"model": "auth.permission", "pk": 122, "fields": {"name": "Can change auth user user permissions", "content_type": 31, "codename": "change_authuseruserpermissions"}}, {"model": "auth.permission", "pk": 123, "fields": {"name": "Can delete auth user user permissions", "content_type": 31, "codename": "delete_authuseruserpermissions"}}, {"model": "auth.permission", "pk": 124, "fields": {"name": "Can view auth user user permissions", "content_type": 31, "codename": "view_authuseruserpermissions"}}, {"model": "auth.permission", "pk": 125, "fields": {"name": "Can add django admin log", "content_type": 32, "codename": "add_djangoadminlog"}}, {"model": "auth.permission", "pk": 126, "fields": {"name": "Can change django admin log", "content_type": 32, "codename": "change_djangoadminlog"}}, {"model": "auth.permission", "pk": 127, "fields": {"name": "Can delete django admin log", "content_type": 32, "codename": "delete_djangoadminlog"}}, {"model": "auth.permission", "pk": 128, "fields": {"name": "Can view django admin log", "content_type": 32, "codename": "view_djangoadminlog"}}, {"model": "auth.permission", "pk": 129, "fields": {"name": "Can add django content type", "content_type": 33, "codename": "add_djangocontenttype"}}, {"model": "auth.permission", "pk": 130, "fields": {"name": "Can change django content type", "content_type": 33, "codename": "change_djangocontenttype"}}, {"model": "auth.permission", "pk": 131, "fields": {"name": "Can delete django content type", "content_type": 33, "codename": "delete_djangocontenttype"}}, {"model": "auth.permission", "pk": 132, "fields": {"name": "Can view django content type", "content_type": 33, "codename": "view_djangocontenttype"}}, {"model": "auth.permission", "pk": 133, "fields": {"name": "Can add django migrations", "content_type": 34, "codename": "add_djangomigrations"}}, {"model": "auth.permission", "pk": 134, "fields": {"name": "Can change django migrations", "content_type": 34, "codename": "change_djangomigrations"}}, {"model": "auth.permission", "pk": 135, "fields": {"name": "Can delete django migrations", "content_type": 34, "codename": "delete_djangomigrations"}}, {"model": "auth.permission", "pk": 136, "fields": {"name": "Can view django migrations", "content_type": 34, "codename": "view_djangomigrations"}}, {"model": "auth.permission", "pk": 137, "fields": {"name": "Can add django session", "content_type": 35, "codename": "add_djangosession"}}, {"model": "auth.permission", "pk": 138, "fields": {"name": "Can change django session", "content_type": 35, "codename": "change_djangosession"}}, {"model": "auth.permission", "pk": 139, "fields": {"name": "Can delete django session", "content_type": 35, "codename": "delete_djangosession"}}, {"model": "auth.permission", "pk": 140, "fields": {"name": "Can view django session", "content_type": 35, "codename": "view_djangosession"}}, {"model": "auth.permission", "pk": 141, "fields": {"name": "Can add data type", "content_type": 36, "codename": "add_datatype"}}, {"model": "auth.permission", "pk": 142, "fields": {"name": "Can change data type", "content_type": 36, "codename": "change_datatype"}}, {"model": "auth.permission", "pk": 143, "fields": {"name": "Can delete data type", "content_type": 36, "codename": "delete_datatype"}}, {"model": "auth.permission", "pk": 144, "fields": {"name": "Can view data type", "content_type": 36, "codename": "view_datatype"}}, {"model": "auth.permission", "pk": 145, "fields": {"name": "Can add employeetype", "content_type": 37, "codename": "add_employeetype"}}, {"model": "auth.permission", "pk": 146, "fields": {"name": "Can change employeetype", "content_type": 37, "codename": "change_employeetype"}}, {"model": "auth.permission", "pk": 147, "fields": {"name": "Can delete employeetype", "content_type": 37, "codename": "delete_employeetype"}}, {"model": "auth.permission", "pk": 148, "fields": {"name": "Can view employeetype", "content_type": 37, "codename": "view_employeetype"}}, {"model": "auth.permission", "pk": 149, "fields": {"name": "Can add process", "content_type": 38, "codename": "add_process"}}, {"model": "auth.permission", "pk": 150, "fields": {"name": "Can change process", "content_type": 38, "codename": "change_process"}}, {"model": "auth.permission", "pk": 151, "fields": {"name": "Can delete process", "content_type": 38, "codename": "delete_process"}}, {"model": "auth.permission", "pk": 152, "fields": {"name": "Can view process", "content_type": 38, "codename": "view_process"}}, {"model": "auth.permission", "pk": 153, "fields": {"name": "Can add employee", "content_type": 39, "codename": "add_employee"}}, {"model": "auth.permission", "pk": 154, "fields": {"name": "Can change employee", "content_type": 39, "codename": "change_employee"}}, {"model": "auth.permission", "pk": 155, "fields": {"name": "Can delete employee", "content_type": 39, "codename": "delete_employee"}}, {"model": "auth.permission", "pk": 156, "fields": {"name": "Can view employee", "content_type": 39, "codename": "view_employee"}}, {"model": "auth.permission", "pk": 157, "fields": {"name": "Can add rule has process", "content_type": 40, "codename": "add_rulehasprocess"}}, {"model": "auth.permission", "pk": 158, "fields": {"name": "Can change rule has process", "content_type": 40, "codename": "change_rulehasprocess"}}, {"model": "auth.permission", "pk": 159, "fields": {"name": "Can delete rule has process", "content_type": 40, "codename": "delete_rulehasprocess"}}, {"model": "auth.permission", "pk": 160, "fields": {"name": "Can view rule has process", "content_type": 40, "codename": "view_rulehasprocess"}}, {"model": "auth.permission", "pk": 161, "fields": {"name": "Can add auth user", "content_type": 41, "codename": "add_authuser"}}, {"model": "auth.permission", "pk": 162, "fields": {"name": "Can change auth user", "content_type": 41, "codename": "change_authuser"}}, {"model": "auth.permission", "pk": 163, "fields": {"name": "Can delete auth user", "content_type": 41, "codename": "delete_authuser"}}, {"model": "auth.permission", "pk": 164, "fields": {"name": "Can view auth user", "content_type": 41, "codename": "view_authuser"}}, {"model": "auth.permission", "pk": 165, "fields": {"name": "Can add rule", "content_type": 42, "codename": "add_rule"}}, {"model": "auth.permission", "pk": 166, "fields": {"name": "Can change rule", "content_type": 42, "codename": "change_rule"}}, {"model": "auth.permission", "pk": 167, "fields": {"name": "Can delete rule", "content_type": 42, "codename": "delete_rule"}}, {"model": "auth.permission", "pk": 168, "fields": {"name": "Can view rule", "content_type": 42, "codename": "view_rule"}}, {"model": "auth.permission", "pk": 169, "fields": {"name": "Can add activity", "content_type": 43, "codename": "add_activity"}}, {"model": "auth.permission", "pk": 170, "fields": {"name": "Can change activity", "content_type": 43, "codename": "change_activity"}}, {"model": "auth.permission", "pk": 171, "fields": {"name": "Can delete activity", "content_type": 43, "codename": "delete_activity"}}, {"model": "auth.permission", "pk": 172, "fields": {"name": "Can view activity", "content_type": 43, "codename": "view_activity"}}, {"model": "auth.permission", "pk": 173, "fields": {"name": "Can add unit", "content_type": 44, "codename": "add_unit"}}, {"model": "auth.permission", "pk": 174, "fields": {"name": "Can change unit", "content_type": 44, "codename": "change_unit"}}, {"model": "auth.permission", "pk": 175, "fields": {"name": "Can delete unit", "content_type": 44, "codename": "delete_unit"}}, {"model": "auth.permission", "pk": 176, "fields": {"name": "Can view unit", "content_type": 44, "codename": "view_unit"}}, {"model": "auth.permission", "pk": 177, "fields": {"name": "Can add time range", "content_type": 45, "codename": "add_timerange"}}, {"model": "auth.permission", "pk": 178, "fields": {"name": "Can change time range", "content_type": 45, "codename": "change_timerange"}}, {"model": "auth.permission", "pk": 179, "fields": {"name": "Can delete time range", "content_type": 45, "codename": "delete_timerange"}}, {"model": "auth.permission", "pk": 180, "fields": {"name": "Can view time range", "content_type": 45, "codename": "view_timerange"}}, {"model": "auth.permission", "pk": 181, "fields": {"name": "Can add rule has employee", "content_type": 46, "codename": "add_rulehasemployee"}}, {"model": "auth.permission", "pk": 182, "fields": {"name": "Can change rule has employee", "content_type": 46, "codename": "change_rulehasemployee"}}, {"model": "auth.permission", "pk": 183, "fields": {"name": "Can delete rule has employee", "content_type": 46, "codename": "delete_rulehasemployee"}}, {"model": "auth.permission", "pk": 184, "fields": {"name": "Can view rule has employee", "content_type": 46, "codename": "view_rulehasemployee"}}, {"model": "auth.user", "pk": 1, "fields": {"password": "pbkdf2_sha256$260000$XMTaYzxeyxmfoaG7hcmJIu$hEFA9++jKsIBQ5LXACZzCU7g/uVJirLBg4eyY0wZQDw=", "last_login": "2022-01-21T10:07:20.157Z", "is_superuser": true, "username": "admin", "first_name": "", "last_name": "", "email": "admin@admin.com", "is_staff": true, "is_active": true, "date_joined": "2022-01-21T09:35:06.289Z", "groups": [], "user_permissions": []}}, {"model": "contenttypes.contenttype", "pk": 1, "fields": {"app_label": "admin", "model": "logentry"}}, {"model": "contenttypes.contenttype", "pk": 2, "fields": {"app_label": "auth", "model": "permission"}}, {"model": "contenttypes.contenttype", "pk": 3, "fields": {"app_label": "auth", "model": "group"}}, {"model": "contenttypes.contenttype", "pk": 4, "fields": {"app_label": "auth", "model": "user"}}, {"model": "contenttypes.contenttype", "pk": 5, "fields": {"app_label": "contenttypes", "model": "contenttype"}}, {"model": "contenttypes.contenttype", "pk": 6, "fields": {"app_label": "sessions", "model": "session"}}, {"model": "contenttypes.contenttype", "pk": 7, "fields": {"app_label": "app", "model": "activity"}}, {"model": "contenttypes.contenttype", "pk": 8, "fields": {"app_label": "app", "model": "employee"}}, {"model": "contenttypes.contenttype", "pk": 9, "fields": {"app_label": "app", "model": "employeetype"}}, {"model": "contenttypes.contenttype", "pk": 10, "fields": {"app_label": "app", "model": "process"}}, {"model": "contenttypes.contenttype", "pk": 11, "fields": {"app_label": "app", "model": "rule"}}, {"model": "contenttypes.contenttype", "pk": 12, "fields": {"app_label": "app", "model": "unit"}}, {"model": "contenttypes.contenttype", "pk": 13, "fields": {"app_label": "app", "model": "authgroup"}}, {"model": "contenttypes.contenttype", "pk": 14, "fields": {"app_label": "app", "model": "authgrouppermissions"}}, {"model": "contenttypes.contenttype", "pk": 15, "fields": {"app_label": "app", "model": "authpermission"}}, {"model": "contenttypes.contenttype", "pk": 16, "fields": {"app_label": "app", "model": "authuser"}}, {"model": "contenttypes.contenttype", "pk": 17, "fields": {"app_label": "app", "model": "authusergroups"}}, {"model": "contenttypes.contenttype", "pk": 18, "fields": {"app_label": "app", "model": "authuseruserpermissions"}}, {"model": "contenttypes.contenttype", "pk": 19, "fields": {"app_label": "app", "model": "djangoadminlog"}}, {"model": "contenttypes.contenttype", "pk": 20, "fields": {"app_label": "app", "model": "djangocontenttype"}}, {"model": "contenttypes.contenttype", "pk": 21, "fields": {"app_label": "app", "model": "djangomigrations"}}, {"model": "contenttypes.contenttype", "pk": 22, "fields": {"app_label": "app", "model": "djangosession"}}, {"model": "contenttypes.contenttype", "pk": 23, "fields": {"app_label": "app", "model": "rulehasprocess"}}, {"model": "contenttypes.contenttype", "pk": 24, "fields": {"app_label": "app", "model": "timerange"}}, {"model": "contenttypes.contenttype", "pk": 25, "fields": {"app_label": "app", "model": "datatype"}}, {"model": "contenttypes.contenttype", "pk": 26, "fields": {"app_label": "app", "model": "rulehasemployee"}}, {"model": "contenttypes.contenttype", "pk": 27, "fields": {"app_label": "smupApp", "model": "authgroup"}}, {"model": "contenttypes.contenttype", "pk": 28, "fields": {"app_label": "smupApp", "model": "authgrouppermissions"}}, {"model": "contenttypes.contenttype", "pk": 29, "fields": {"app_label": "smupApp", "model": "authpermission"}}, {"model": "contenttypes.contenttype", "pk": 30, "fields": {"app_label": "smupApp", "model": "authusergroups"}}, {"model": "contenttypes.contenttype", "pk": 31, "fields": {"app_label": "smupApp", "model": "authuseruserpermissions"}}, {"model": "contenttypes.contenttype", "pk": 32, "fields": {"app_label": "smupApp", "model": "djangoadminlog"}}, {"model": "contenttypes.contenttype", "pk": 33, "fields": {"app_label": "smupApp", "model": "djangocontenttype"}}, {"model": "contenttypes.contenttype", "pk": 34, "fields": {"app_label": "smupApp", "model": "djangomigrations"}}, {"model": "contenttypes.contenttype", "pk": 35, "fields": {"app_label": "smupApp", "model": "djangosession"}}, {"model": "contenttypes.contenttype", "pk": 36, "fields": {"app_label": "smupApp", "model": "datatype"}}, {"model": "contenttypes.contenttype", "pk": 37, "fields": {"app_label": "smupApp", "model": "employeetype"}}, {"model": "contenttypes.contenttype", "pk": 38, "fields": {"app_label": "smupApp", "model": "process"}}, {"model": "contenttypes.contenttype", "pk": 39, "fields": {"app_label": "smupApp", "model": "employee"}}, {"model": "contenttypes.contenttype", "pk": 40, "fields": {"app_label": "smupApp", "model": "rulehasprocess"}}, {"model": "contenttypes.contenttype", "pk": 41, "fields": {"app_label": "smupApp", "model": "authuser"}}, {"model": "contenttypes.contenttype", "pk": 42, "fields": {"app_label": "smupApp", "model": "rule"}}, {"model": "contenttypes.contenttype", "pk": 43, "fields": {"app_label": "smupApp", "model": "activity"}}, {"model": "contenttypes.contenttype", "pk": 44, "fields": {"app_label": "smupApp", "model": "unit"}}, {"model": "contenttypes.contenttype", "pk": 45, "fields": {"app_label": "smupApp", "model": "timerange"}}, {"model": "contenttypes.contenttype", "pk": 46, "fields": {"app_label": "smupApp", "model": "rulehasemployee"}}, {"model": "sessions.session", "pk": "8mxpm0ys28assju02y2v8zpe2gdumoab", "fields": {"session_data": ".eJxVjMEOwiAQRP-FsyGACLsevfcbCOyCVA1NSnsy_rtt0oOeJpn3Zt4ixHWpYe15DiOLq9Di9NulSM_cdsCP2O6TpKkt85jkrsiDdjlMnF-3w_07qLHXba0SoC8OLuwANVACjYoYHSoEAGSrC5Ey0TirPGHJXpOx57hFYWvF5wvCuzc4:1nAqpE:yqscXqFaai2w_RB6he3oL_K_vggZfXNagbb82vVbtLg", "expire_date": "2022-02-04T10:07:20.214Z"}}, {"model": "smupApp.authpermission", "pk": 1, "fields": {"name": "Can add log entry", "content_type": 1, "codename": "add_logentry"}}, {"model": "smupApp.authpermission", "pk": 2, "fields": {"name": "Can change log entry", "content_type": 1, "codename": "change_logentry"}}, {"model": "smupApp.authpermission", "pk": 3, "fields": {"name": "Can delete log entry", "content_type": 1, "codename": "delete_logentry"}}, {"model": "smupApp.authpermission", "pk": 4, "fields": {"name": "Can view log entry", "content_type": 1, "codename": "view_logentry"}}, {"model": "smupApp.authpermission", "pk": 5, "fields": {"name": "Can add permission", "content_type": 2, "codename": "add_permission"}}, {"model": "smupApp.authpermission", "pk": 6, "fields": {"name": "Can change permission", "content_type": 2, "codename": "change_permission"}}, {"model": "smupApp.authpermission", "pk": 7, "fields": {"name": "Can delete permission", "content_type": 2, "codename": "delete_permission"}}, {"model": "smupApp.authpermission", "pk": 8, "fields": {"name": "Can view permission", "content_type": 2, "codename": "view_permission"}}, {"model": "smupApp.authpermission", "pk": 9, "fields": {"name": "Can add group", "content_type": 3, "codename": "add_group"}}, {"model": "smupApp.authpermission", "pk": 10, "fields": {"name": "Can change group", "content_type": 3, "codename": "change_group"}}, {"model": "smupApp.authpermission", "pk": 11, "fields": {"name": "Can delete group", "content_type": 3, "codename": "delete_group"}}, {"model": "smupApp.authpermission", "pk": 12, "fields": {"name": "Can view group", "content_type": 3, "codename": "view_group"}}, {"model": "smupApp.authpermission", "pk": 13, "fields": {"name": "Can add user", "content_type": 4, "codename": "add_user"}}, {"model": "smupApp.authpermission", "pk": 14, "fields": {"name": "Can change user", "content_type": 4, "codename": "change_user"}}, {"model": "smupApp.authpermission", "pk": 15, "fields": {"name": "Can delete user", "content_type": 4, "codename": "delete_user"}}, {"model": "smupApp.authpermission", "pk": 16, "fields": {"name": "Can view user", "content_type": 4, "codename": "view_user"}}, {"model": "smupApp.authpermission", "pk": 17, "fields": {"name": "Can add content type", "content_type": 5, "codename": "add_contenttype"}}, {"model": "smupApp.authpermission", "pk": 18, "fields": {"name": "Can change content type", "content_type": 5, "codename": "change_contenttype"}}, {"model": "smupApp.authpermission", "pk": 19, "fields": {"name": "Can delete content type", "content_type": 5, "codename": "delete_contenttype"}}, {"model": "smupApp.authpermission", "pk": 20, "fields": {"name": "Can view content type", "content_type": 5, "codename": "view_contenttype"}}, {"model": "smupApp.authpermission", "pk": 21, "fields": {"name": "Can add session", "content_type": 6, "codename": "add_session"}}, {"model": "smupApp.authpermission", "pk": 22, "fields": {"name": "Can change session", "content_type": 6, "codename": "change_session"}}, {"model": "smupApp.authpermission", "pk": 23, "fields": {"name": "Can delete session", "content_type": 6, "codename": "delete_session"}}, {"model": "smupApp.authpermission", "pk": 24, "fields": {"name": "Can view session", "content_type": 6, "codename": "view_session"}}, {"model": "smupApp.authpermission", "pk": 25, "fields": {"name": "Can add activity", "content_type": 7, "codename": "add_activity"}}, {"model": "smupApp.authpermission", "pk": 26, "fields": {"name": "Can change activity", "content_type": 7, "codename": "change_activity"}}, {"model": "smupApp.authpermission", "pk": 27, "fields": {"name": "Can delete activity", "content_type": 7, "codename": "delete_activity"}}, {"model": "smupApp.authpermission", "pk": 28, "fields": {"name": "Can view activity", "content_type": 7, "codename": "view_activity"}}, {"model": "smupApp.authpermission", "pk": 29, "fields": {"name": "Can add employee", "content_type": 8, "codename": "add_employee"}}, {"model": "smupApp.authpermission", "pk": 30, "fields": {"name": "Can change employee", "content_type": 8, "codename": "change_employee"}}, {"model": "smupApp.authpermission", "pk": 31, "fields": {"name": "Can delete employee", "content_type": 8, "codename": "delete_employee"}}, {"model": "smupApp.authpermission", "pk": 32, "fields": {"name": "Can view employee", "content_type": 8, "codename": "view_employee"}}, {"model": "smupApp.authpermission", "pk": 33, "fields": {"name": "Can add employeetype", "content_type": 9, "codename": "add_employeetype"}}, {"model": "smupApp.authpermission", "pk": 34, "fields": {"name": "Can change employeetype", "content_type": 9, "codename": "change_employeetype"}}, {"model": "smupApp.authpermission", "pk": 35, "fields": {"name": "Can delete employeetype", "content_type": 9, "codename": "delete_employeetype"}}, {"model": "smupApp.authpermission", "pk": 36, "fields": {"name": "Can view employeetype", "content_type": 9, "codename": "view_employeetype"}}, {"model": "smupApp.authpermission", "pk": 37, "fields": {"name": "Can add process", "content_type": 10, "codename": "add_process"}}, {"model": "smupApp.authpermission", "pk": 38, "fields": {"name": "Can change process", "content_type": 10, "codename": "change_process"}}, {"model": "smupApp.authpermission", "pk": 39, "fields": {"name": "Can delete process", "content_type": 10, "codename": "delete_process"}}, {"model": "smupApp.authpermission", "pk": 40, "fields": {"name": "Can view process", "content_type": 10, "codename": "view_process"}}, {"model": "smupApp.authpermission", "pk": 41, "fields": {"name": "Can add rule", "content_type": 11, "codename": "add_rule"}}, {"model": "smupApp.authpermission", "pk": 42, "fields": {"name": "Can change rule", "content_type": 11, "codename": "change_rule"}}, {"model": "smupApp.authpermission", "pk": 43, "fields": {"name": "Can delete rule", "content_type": 11, "codename": "delete_rule"}}, {"model": "smupApp.authpermission", "pk": 44, "fields": {"name": "Can view rule", "content_type": 11, "codename": "view_rule"}}, {"model": "smupApp.authpermission", "pk": 45, "fields": {"name": "Can add unit", "content_type": 12, "codename": "add_unit"}}, {"model": "smupApp.authpermission", "pk": 46, "fields": {"name": "Can change unit", "content_type": 12, "codename": "change_unit"}}, {"model": "smupApp.authpermission", "pk": 47, "fields": {"name": "Can delete unit", "content_type": 12, "codename": "delete_unit"}}, {"model": "smupApp.authpermission", "pk": 48, "fields": {"name": "Can view unit", "content_type": 12, "codename": "view_unit"}}, {"model": "smupApp.authpermission", "pk": 49, "fields": {"name": "Can add auth group", "content_type": 13, "codename": "add_authgroup"}}, {"model": "smupApp.authpermission", "pk": 50, "fields": {"name": "Can change auth group", "content_type": 13, "codename": "change_authgroup"}}, {"model": "smupApp.authpermission", "pk": 51, "fields": {"name": "Can delete auth group", "content_type": 13, "codename": "delete_authgroup"}}, {"model": "smupApp.authpermission", "pk": 52, "fields": {"name": "Can view auth group", "content_type": 13, "codename": "view_authgroup"}}, {"model": "smupApp.authpermission", "pk": 53, "fields": {"name": "Can add auth group permissions", "content_type": 14, "codename": "add_authgrouppermissions"}}, {"model": "smupApp.authpermission", "pk": 54, "fields": {"name": "Can change auth group permissions", "content_type": 14, "codename": "change_authgrouppermissions"}}, {"model": "smupApp.authpermission", "pk": 55, "fields": {"name": "Can delete auth group permissions", "content_type": 14, "codename": "delete_authgrouppermissions"}}, {"model": "smupApp.authpermission", "pk": 56, "fields": {"name": "Can view auth group permissions", "content_type": 14, "codename": "view_authgrouppermissions"}}, {"model": "smupApp.authpermission", "pk": 57, "fields": {"name": "Can add auth permission", "content_type": 15, "codename": "add_authpermission"}}, {"model": "smupApp.authpermission", "pk": 58, "fields": {"name": "Can change auth permission", "content_type": 15, "codename": "change_authpermission"}}, {"model": "smupApp.authpermission", "pk": 59, "fields": {"name": "Can delete auth permission", "content_type": 15, "codename": "delete_authpermission"}}, {"model": "smupApp.authpermission", "pk": 60, "fields": {"name": "Can view auth permission", "content_type": 15, "codename": "view_authpermission"}}, {"model": "smupApp.authpermission", "pk": 61, "fields": {"name": "Can add auth user", "content_type": 16, "codename": "add_authuser"}}, {"model": "smupApp.authpermission", "pk": 62, "fields": {"name": "Can change auth user", "content_type": 16, "codename": "change_authuser"}}, {"model": "smupApp.authpermission", "pk": 63, "fields": {"name": "Can delete auth user", "content_type": 16, "codename": "delete_authuser"}}, {"model": "smupApp.authpermission", "pk": 64, "fields": {"name": "Can view auth user", "content_type": 16, "codename": "view_authuser"}}, {"model": "smupApp.authpermission", "pk": 65, "fields": {"name": "Can add auth user groups", "content_type": 17, "codename": "add_authusergroups"}}, {"model": "smupApp.authpermission", "pk": 66, "fields": {"name": "Can change auth user groups", "content_type": 17, "codename": "change_authusergroups"}}, {"model": "smupApp.authpermission", "pk": 67, "fields": {"name": "Can delete auth user groups", "content_type": 17, "codename": "delete_authusergroups"}}, {"model": "smupApp.authpermission", "pk": 68, "fields": {"name": "Can view auth user groups", "content_type": 17, "codename": "view_authusergroups"}}, {"model": "smupApp.authpermission", "pk": 69, "fields": {"name": "Can add auth user user permissions", "content_type": 18, "codename": "add_authuseruserpermissions"}}, {"model": "smupApp.authpermission", "pk": 70, "fields": {"name": "Can change auth user user permissions", "content_type": 18, "codename": "change_authuseruserpermissions"}}, {"model": "smupApp.authpermission", "pk": 71, "fields": {"name": "Can delete auth user user permissions", "content_type": 18, "codename": "delete_authuseruserpermissions"}}, {"model": "smupApp.authpermission", "pk": 72, "fields": {"name": "Can view auth user user permissions", "content_type": 18, "codename": "view_authuseruserpermissions"}}, {"model": "smupApp.authpermission", "pk": 73, "fields": {"name": "Can add django admin log", "content_type": 19, "codename": "add_djangoadminlog"}}, {"model": "smupApp.authpermission", "pk": 74, "fields": {"name": "Can change django admin log", "content_type": 19, "codename": "change_djangoadminlog"}}, {"model": "smupApp.authpermission", "pk": 75, "fields": {"name": "Can delete django admin log", "content_type": 19, "codename": "delete_djangoadminlog"}}, {"model": "smupApp.authpermission", "pk": 76, "fields": {"name": "Can view django admin log", "content_type": 19, "codename": "view_djangoadminlog"}}, {"model": "smupApp.authpermission", "pk": 77, "fields": {"name": "Can add django content type", "content_type": 20, "codename": "add_djangocontenttype"}}, {"model": "smupApp.authpermission", "pk": 78, "fields": {"name": "Can change django content type", "content_type": 20, "codename": "change_djangocontenttype"}}, {"model": "smupApp.authpermission", "pk": 79, "fields": {"name": "Can delete django content type", "content_type": 20, "codename": "delete_djangocontenttype"}}, {"model": "smupApp.authpermission", "pk": 80, "fields": {"name": "Can view django content type", "content_type": 20, "codename": "view_djangocontenttype"}}, {"model": "smupApp.authpermission", "pk": 81, "fields": {"name": "Can add django migrations", "content_type": 21, "codename": "add_djangomigrations"}}, {"model": "smupApp.authpermission", "pk": 82, "fields": {"name": "Can change django migrations", "content_type": 21, "codename": "change_djangomigrations"}}, {"model": "smupApp.authpermission", "pk": 83, "fields": {"name": "Can delete django migrations", "content_type": 21, "codename": "delete_djangomigrations"}}, {"model": "smupApp.authpermission", "pk": 84, "fields": {"name": "Can view django migrations", "content_type": 21, "codename": "view_djangomigrations"}}, {"model": "smupApp.authpermission", "pk": 85, "fields": {"name": "Can add django session", "content_type": 22, "codename": "add_djangosession"}}, {"model": "smupApp.authpermission", "pk": 86, "fields": {"name": "Can change django session", "content_type": 22, "codename": "change_djangosession"}}, {"model": "smupApp.authpermission", "pk": 87, "fields": {"name": "Can delete django session", "content_type": 22, "codename": "delete_djangosession"}}, {"model": "smupApp.authpermission", "pk": 88, "fields": {"name": "Can view django session", "content_type": 22, "codename": "view_djangosession"}}, {"model": "smupApp.authpermission", "pk": 89, "fields": {"name": "Can add rule has process", "content_type": 23, "codename": "add_rulehasprocess"}}, {"model": "smupApp.authpermission", "pk": 90, "fields": {"name": "Can change rule has process", "content_type": 23, "codename": "change_rulehasprocess"}}, {"model": "smupApp.authpermission", "pk": 91, "fields": {"name": "Can delete rule has process", "content_type": 23, "codename": "delete_rulehasprocess"}}, {"model": "smupApp.authpermission", "pk": 92, "fields": {"name": "Can view rule has process", "content_type": 23, "codename": "view_rulehasprocess"}}, {"model": "smupApp.authpermission", "pk": 93, "fields": {"name": "Can add time range", "content_type": 24, "codename": "add_timerange"}}, {"model": "smupApp.authpermission", "pk": 94, "fields": {"name": "Can change time range", "content_type": 24, "codename": "change_timerange"}}, {"model": "smupApp.authpermission", "pk": 95, "fields": {"name": "Can delete time range", "content_type": 24, "codename": "delete_timerange"}}, {"model": "smupApp.authpermission", "pk": 96, "fields": {"name": "Can view time range", "content_type": 24, "codename": "view_timerange"}}, {"model": "smupApp.authpermission", "pk": 97, "fields": {"name": "Can add data type", "content_type": 25, "codename": "add_datatype"}}, {"model": "smupApp.authpermission", "pk": 98, "fields": {"name": "Can change data type", "content_type": 25, "codename": "change_datatype"}}, {"model": "smupApp.authpermission", "pk": 99, "fields": {"name": "Can delete data type", "content_type": 25, "codename": "delete_datatype"}}, {"model": "smupApp.authpermission", "pk": 100, "fields": {"name": "Can view data type", "content_type": 25, "codename": "view_datatype"}}, {"model": "smupApp.authpermission", "pk": 101, "fields": {"name": "Can add rule has employee", "content_type": 26, "codename": "add_rulehasemployee"}}, {"model": "smupApp.authpermission", "pk": 102, "fields": {"name": "Can change rule has employee", "content_type": 26, "codename": "change_rulehasemployee"}}, {"model": "smupApp.authpermission", "pk": 103, "fields": {"name": "Can delete rule has employee", "content_type": 26, "codename": "delete_rulehasemployee"}}, {"model": "smupApp.authpermission", "pk": 104, "fields": {"name": "Can view rule has employee", "content_type": 26, "codename": "view_rulehasemployee"}}, {"model": "smupApp.authpermission", "pk": 105, "fields": {"name": "Can add auth group", "content_type": 27, "codename": "add_authgroup"}}, {"model": "smupApp.authpermission", "pk": 106, "fields": {"name": "Can change auth group", "content_type": 27, "codename": "change_authgroup"}}, {"model": "smupApp.authpermission", "pk": 107, "fields": {"name": "Can delete auth group", "content_type": 27, "codename": "delete_authgroup"}}, {"model": "smupApp.authpermission", "pk": 108, "fields": {"name": "Can view auth group", "content_type": 27, "codename": "view_authgroup"}}, {"model": "smupApp.authpermission", "pk": 109, "fields": {"name": "Can add auth group permissions", "content_type": 28, "codename": "add_authgrouppermissions"}}, {"model": "smupApp.authpermission", "pk": 110, "fields": {"name": "Can change auth group permissions", "content_type": 28, "codename": "change_authgrouppermissions"}}, {"model": "smupApp.authpermission", "pk": 111, "fields": {"name": "Can delete auth group permissions", "content_type": 28, "codename": "delete_authgrouppermissions"}}, {"model": "smupApp.authpermission", "pk": 112, "fields": {"name": "Can view auth group permissions", "content_type": 28, "codename": "view_authgrouppermissions"}}, {"model": "smupApp.authpermission", "pk": 113, "fields": {"name": "Can add auth permission", "content_type": 29, "codename": "add_authpermission"}}, {"model": "smupApp.authpermission", "pk": 114, "fields": {"name": "Can change auth permission", "content_type": 29, "codename": "change_authpermission"}}, {"model": "smupApp.authpermission", "pk": 115, "fields": {"name": "Can delete auth permission", "content_type": 29, "codename": "delete_authpermission"}}, {"model": "smupApp.authpermission", "pk": 116, "fields": {"name": "Can view auth permission", "content_type": 29, "codename": "view_authpermission"}}, {"model": "smupApp.authpermission", "pk": 117, "fields": {"name": "Can add auth user groups", "content_type": 30, "codename": "add_authusergroups"}}, {"model": "smupApp.authpermission", "pk": 118, "fields": {"name": "Can change auth user groups", "content_type": 30, "codename": "change_authusergroups"}}, {"model": "smupApp.authpermission", "pk": 119, "fields": {"name": "Can delete auth user groups", "content_type": 30, "codename": "delete_authusergroups"}}, {"model": "smupApp.authpermission", "pk": 120, "fields": {"name": "Can view auth user groups", "content_type": 30, "codename": "view_authusergroups"}}, {"model": "smupApp.authpermission", "pk": 121, "fields": {"name": "Can add auth user user permissions", "content_type": 31, "codename": "add_authuseruserpermissions"}}, {"model": "smupApp.authpermission", "pk": 122, "fields": {"name": "Can change auth user user permissions", "content_type": 31, "codename": "change_authuseruserpermissions"}}, {"model": "smupApp.authpermission", "pk": 123, "fields": {"name": "Can delete auth user user permissions", "content_type": 31, "codename": "delete_authuseruserpermissions"}}, {"model": "smupApp.authpermission", "pk": 124, "fields": {"name": "Can view auth user user permissions", "content_type": 31, "codename": "view_authuseruserpermissions"}}, {"model": "smupApp.authpermission", "pk": 125, "fields": {"name": "Can add django admin log", "content_type": 32, "codename": "add_djangoadminlog"}}, {"model": "smupApp.authpermission", "pk": 126, "fields": {"name": "Can change django admin log", "content_type": 32, "codename": "change_djangoadminlog"}}, {"model": "smupApp.authpermission", "pk": 127, "fields": {"name": "Can delete django admin log", "content_type": 32, "codename": "delete_djangoadminlog"}}, {"model": "smupApp.authpermission", "pk": 128, "fields": {"name": "Can view django admin log", "content_type": 32, "codename": "view_djangoadminlog"}}, {"model": "smupApp.authpermission", "pk": 129, "fields": {"name": "Can add django content type", "content_type": 33, "codename": "add_djangocontenttype"}}, {"model": "smupApp.authpermission", "pk": 130, "fields": {"name": "Can change django content type", "content_type": 33, "codename": "change_djangocontenttype"}}, {"model": "smupApp.authpermission", "pk": 131, "fields": {"name": "Can delete django content type", "content_type": 33, "codename": "delete_djangocontenttype"}}, {"model": "smupApp.authpermission", "pk": 132, "fields": {"name": "Can view django content type", "content_type": 33, "codename": "view_djangocontenttype"}}, {"model": "smupApp.authpermission", "pk": 133, "fields": {"name": "Can add django migrations", "content_type": 34, "codename": "add_djangomigrations"}}, {"model": "smupApp.authpermission", "pk": 134, "fields": {"name": "Can change django migrations", "content_type": 34, "codename": "change_djangomigrations"}}, {"model": "smupApp.authpermission", "pk": 135, "fields": {"name": "Can delete django migrations", "content_type": 34, "codename": "delete_djangomigrations"}}, {"model": "smupApp.authpermission", "pk": 136, "fields": {"name": "Can view django migrations", "content_type": 34, "codename": "view_djangomigrations"}}, {"model": "smupApp.authpermission", "pk": 137, "fields": {"name": "Can add django session", "content_type": 35, "codename": "add_djangosession"}}, {"model": "smupApp.authpermission", "pk": 138, "fields": {"name": "Can change django session", "content_type": 35, "codename": "change_djangosession"}}, {"model": "smupApp.authpermission", "pk": 139, "fields": {"name": "Can delete django session", "content_type": 35, "codename": "delete_djangosession"}}, {"model": "smupApp.authpermission", "pk": 140, "fields": {"name": "Can view django session", "content_type": 35, "codename": "view_djangosession"}}, {"model": "smupApp.authpermission", "pk": 141, "fields": {"name": "Can add data type", "content_type": 36, "codename": "add_datatype"}}, {"model": "smupApp.authpermission", "pk": 142, "fields": {"name": "Can change data type", "content_type": 36, "codename": "change_datatype"}}, {"model": "smupApp.authpermission", "pk": 143, "fields": {"name": "Can delete data type", "content_type": 36, "codename": "delete_datatype"}}, {"model": "smupApp.authpermission", "pk": 144, "fields": {"name": "Can view data type", "content_type": 36, "codename": "view_datatype"}}, {"model": "smupApp.authpermission", "pk": 145, "fields": {"name": "Can add employeetype", "content_type": 37, "codename": "add_employeetype"}}, {"model": "smupApp.authpermission", "pk": 146, "fields": {"name": "Can change employeetype", "content_type": 37, "codename": "change_employeetype"}}, {"model": "smupApp.authpermission", "pk": 147, "fields": {"name": "Can delete employeetype", "content_type": 37, "codename": "delete_employeetype"}}, {"model": "smupApp.authpermission", "pk": 148, "fields": {"name": "Can view employeetype", "content_type": 37, "codename": "view_employeetype"}}, {"model": "smupApp.authpermission", "pk": 149, "fields": {"name": "Can add process", "content_type": 38, "codename": "add_process"}}, {"model": "smupApp.authpermission", "pk": 150, "fields": {"name": "Can change process", "content_type": 38, "codename": "change_process"}}, {"model": "smupApp.authpermission", "pk": 151, "fields": {"name": "Can delete process", "content_type": 38, "codename": "delete_process"}}, {"model": "smupApp.authpermission", "pk": 152, "fields": {"name": "Can view process", "content_type": 38, "codename": "view_process"}}, {"model": "smupApp.authpermission", "pk": 153, "fields": {"name": "Can add employee", "content_type": 39, "codename": "add_employee"}}, {"model": "smupApp.authpermission", "pk": 154, "fields": {"name": "Can change employee", "content_type": 39, "codename": "change_employee"}}, {"model": "smupApp.authpermission", "pk": 155, "fields": {"name": "Can delete employee", "content_type": 39, "codename": "delete_employee"}}, {"model": "smupApp.authpermission", "pk": 156, "fields": {"name": "Can view employee", "content_type": 39, "codename": "view_employee"}}, {"model": "smupApp.authpermission", "pk": 157, "fields": {"name": "Can add rule has process", "content_type": 40, "codename": "add_rulehasprocess"}}, {"model": "smupApp.authpermission", "pk": 158, "fields": {"name": "Can change rule has process", "content_type": 40, "codename": "change_rulehasprocess"}}, {"model": "smupApp.authpermission", "pk": 159, "fields": {"name": "Can delete rule has process", "content_type": 40, "codename": "delete_rulehasprocess"}}, {"model": "smupApp.authpermission", "pk": 160, "fields": {"name": "Can view rule has process", "content_type": 40, "codename": "view_rulehasprocess"}}, {"model": "smupApp.authpermission", "pk": 161, "fields": {"name": "Can add auth user", "content_type": 41, "codename": "add_authuser"}}, {"model": "smupApp.authpermission", "pk": 162, "fields": {"name": "Can change auth user", "content_type": 41, "codename": "change_authuser"}}, {"model": "smupApp.authpermission", "pk": 163, "fields": {"name": "Can delete auth user", "content_type": 41, "codename": "delete_authuser"}}, {"model": "smupApp.authpermission", "pk": 164, "fields": {"name": "Can view auth user", "content_type": 41, "codename": "view_authuser"}}, {"model": "smupApp.authpermission", "pk": 165, "fields": {"name": "Can add rule", "content_type": 42, "codename": "add_rule"}}, {"model": "smupApp.authpermission", "pk": 166, "fields": {"name": "Can change rule", "content_type": 42, "codename": "change_rule"}}, {"model": "smupApp.authpermission", "pk": 167, "fields": {"name": "Can delete rule", "content_type": 42, "codename": "delete_rule"}}, {"model": "smupApp.authpermission", "pk": 168, "fields": {"name": "Can view rule", "content_type": 42, "codename": "view_rule"}}, {"model": "smupApp.authpermission", "pk": 169, "fields": {"name": "Can add activity", "content_type": 43, "codename": "add_activity"}}, {"model": "smupApp.authpermission", "pk": 170, "fields": {"name": "Can change activity", "content_type": 43, "codename": "change_activity"}}, {"model": "smupApp.authpermission", "pk": 171, "fields": {"name": "Can delete activity", "content_type": 43, "codename": "delete_activity"}}, {"model": "smupApp.authpermission", "pk": 172, "fields": {"name": "Can view activity", "content_type": 43, "codename": "view_activity"}}, {"model": "smupApp.authpermission", "pk": 173, "fields": {"name": "Can add unit", "content_type": 44, "codename": "add_unit"}}, {"model": "smupApp.authpermission", "pk": 174, "fields": {"name": "Can change unit", "content_type": 44, "codename": "change_unit"}}, {"model": "smupApp.authpermission", "pk": 175, "fields": {"name": "Can delete unit", "content_type": 44, "codename": "delete_unit"}}, {"model": "smupApp.authpermission", "pk": 176, "fields": {"name": "Can view unit", "content_type": 44, "codename": "view_unit"}}, {"model": "smupApp.authpermission", "pk": 177, "fields": {"name": "Can add time range", "content_type": 45, "codename": "add_timerange"}}, {"model": "smupApp.authpermission", "pk": 178, "fields": {"name": "Can change time range", "content_type": 45, "codename": "change_timerange"}}, {"model": "smupApp.authpermission", "pk": 179, "fields": {"name": "Can delete time range", "content_type": 45, "codename": "delete_timerange"}}, {"model": "smupApp.authpermission", "pk": 180, "fields": {"name": "Can view time range", "content_type": 45, "codename": "view_timerange"}}, {"model": "smupApp.authpermission", "pk": 181, "fields": {"name": "Can add rule has employee", "content_type": 46, "codename": "add_rulehasemployee"}}, {"model": "smupApp.authpermission", "pk": 182, "fields": {"name": "Can change rule has employee", "content_type": 46, "codename": "change_rulehasemployee"}}, {"model": "smupApp.authpermission", "pk": 183, "fields": {"name": "Can delete rule has employee", "content_type": 46, "codename": "delete_rulehasemployee"}}, {"model": "smupApp.authpermission", "pk": 184, "fields": {"name": "Can view rule has employee", "content_type": 46, "codename": "view_rulehasemployee"}}, {"model": "smupApp.authuser", "pk": 1, "fields": {"password": "pbkdf2_sha256$260000$XMTaYzxeyxmfoaG7hcmJIu$hEFA9++jKsIBQ5LXACZzCU7g/uVJirLBg4eyY0wZQDw=", "last_login": "2022-01-21T10:07:20.157Z", "is_superuser": true, "username": "admin", "first_name": "", "last_name": "", "email": "admin@admin.com", "is_staff": true, "is_active": true, "date_joined": "2022-01-21T09:35:06.289Z"}}, {"model": "smupApp.datatype", "pk": 1, "fields": {"name": "Aktywno (godz.)"}}, {"model": "smupApp.datatype", "pk": 2, "fields": {"name": "Sprawa (ilo)"}}, {"model": "smupApp.djangoadminlog", "pk": 1, "fields": {"action_time": "2022-01-21T09:50:14.354Z", "object_id": "1", "object_repr": "DataType object (1)", "action_flag": 1, "change_message": "[{\"added\": {}}]", "content_type": 36, "user": 1}}, {"model": "smupApp.djangoadminlog", "pk": 2, "fields": {"action_time": "2022-01-21T09:50:21.626Z", "object_id": "2", "object_repr": "DataType object (2)", "action_flag": 1, "change_message": "[{\"added\": {}}]", "content_type": 36, "user": 1}}, {"model": "smupApp.djangoadminlog", "pk": 3, "fields": {"action_time": "2022-01-21T09:50:40.922Z", "object_id": "1", "object_repr": "Employeetype object (1)", "action_flag": 1, "change_message": "[{\"added\": {}}]", "content_type": 37, "user": 1}}, {"model": "smupApp.djangoadminlog", "pk": 4, "fields": {"action_time": "2022-01-21T09:50:48.437Z", "object_id": "2", "object_repr": "Employeetype object (2)", "action_flag": 1, "change_message": "[{\"added\": {}}]", "content_type": 37, "user": 1}}, {"model": "smupApp.djangoadminlog", "pk": 5, "fields": {"action_time": "2022-01-21T09:50:59.547Z", "object_id": "3", "object_repr": "Employeetype object (3)", "action_flag": 1, "change_message": "[{\"added\": {}}]", "content_type": 37, "user": 1}}, {"model": "smupApp.djangoadminlog", "pk": 6, "fields": {"action_time": "2022-01-21T09:51:17.038Z", "object_id": "4", "object_repr": "Employeetype object (4)", "action_flag": 1, "change_message": "[{\"added\": {}}]", "content_type": 37, "user": 1}}, {"model": "smupApp.djangoadminlog", "pk": 7, "fields": {"action_time": "2022-01-21T09:51:54.030Z", "object_id": "1", "object_repr": "TimeRange object (1)", "action_flag": 1, "change_message": "[{\"added\": {}}]", "content_type": 45, "user": 1}}, {"model": "smupApp.djangoadminlog", "pk": 8, "fields": {"action_time": "2022-01-21T09:52:03.645Z", "object_id": "2", "object_repr": "TimeRange object (2)", "action_flag": 1, "change_message": "[{\"added\": {}}]", "content_type": 45, "user": 1}}, {"model": "smupApp.djangoadminlog", "pk": 9, "fields": {"action_time": "2022-01-21T09:52:09.823Z", "object_id": "3", "object_repr": "TimeRange object (3)", "action_flag": 1, "change_message": "[{\"added\": {}}]", "content_type": 45, "user": 1}}, {"model": "smupApp.djangoadminlog", "pk": 10, "fields": {"action_time": "2022-01-21T10:07:00.306Z", "object_id": "1", "object_repr": "admin", "action_flag": 2, "change_message": "[{\"changed\": {\"fields\": [\"password\"]}}]", "content_type": 4, "user": 1}}, {"model": "smupApp.djangocontenttype", "pk": 1, "fields": {"app_label": "admin", "model": "logentry"}}, {"model": "smupApp.djangocontenttype", "pk": 2, "fields": {"app_label": "auth", "model": "permission"}}, {"model": "smupApp.djangocontenttype", "pk": 3, "fields": {"app_label": "auth", "model": "group"}}, {"model": "smupApp.djangocontenttype", "pk": 4, "fields": {"app_label": "auth", "model": "user"}}, {"model": "smupApp.djangocontenttype", "pk": 5, "fields": {"app_label": "contenttypes", "model": "contenttype"}}, {"model": "smupApp.djangocontenttype", "pk": 6, "fields": {"app_label": "sessions", "model": "session"}}, {"model": "smupApp.djangocontenttype", "pk": 7, "fields": {"app_label": "app", "model": "activity"}}, {"model": "smupApp.djangocontenttype", "pk": 8, "fields": {"app_label": "app", "model": "employee"}}, {"model": "smupApp.djangocontenttype", "pk": 9, "fields": {"app_label": "app", "model": "employeetype"}}, {"model": "smupApp.djangocontenttype", "pk": 10, "fields": {"app_label": "app", "model": "process"}}, {"model": "smupApp.djangocontenttype", "pk": 11, "fields": {"app_label": "app", "model": "rule"}}, {"model": "smupApp.djangocontenttype", "pk": 12, "fields": {"app_label": "app", "model": "unit"}}, {"model": "smupApp.djangocontenttype", "pk": 13, "fields": {"app_label": "app", "model": "authgroup"}}, {"model": "smupApp.djangocontenttype", "pk": 14, "fields": {"app_label": "app", "model": "authgrouppermissions"}}, {"model": "smupApp.djangocontenttype", "pk": 15, "fields": {"app_label": "app", "model": "authpermission"}}, {"model": "smupApp.djangocontenttype", "pk": 16, "fields": {"app_label": "app", "model": "authuser"}}, {"model": "smupApp.djangocontenttype", "pk": 17, "fields": {"app_label": "app", "model": "authusergroups"}}, {"model": "smupApp.djangocontenttype", "pk": 18, "fields": {"app_label": "app", "model": "authuseruserpermissions"}}, {"model": "smupApp.djangocontenttype", "pk": 19, "fields": {"app_label": "app", "model": "djangoadminlog"}}, {"model": "smupApp.djangocontenttype", "pk": 20, "fields": {"app_label": "app", "model": "djangocontenttype"}}, {"model": "smupApp.djangocontenttype", "pk": 21, "fields": {"app_label": "app", "model": "djangomigrations"}}, {"model": "smupApp.djangocontenttype", "pk": 22, "fields": {"app_label": "app", "model": "djangosession"}}, {"model": "smupApp.djangocontenttype", "pk": 23, "fields": {"app_label": "app", "model": "rulehasprocess"}}, {"model": "smupApp.djangocontenttype", "pk": 24, "fields": {"app_label": "app", "model": "timerange"}}, {"model": "smupApp.djangocontenttype", "pk": 25, "fields": {"app_label": "app", "model": "datatype"}}, {"model": "smupApp.djangocontenttype", "pk": 26, "fields": {"app_label": "app", "model": "rulehasemployee"}}, {"model": "smupApp.djangocontenttype", "pk": 27, "fields": {"app_label": "smupApp", "model": "authgroup"}}, {"model": "smupApp.djangocontenttype", "pk": 28, "fields": {"app_label": "smupApp", "model": "authgrouppermissions"}}, {"model": "smupApp.djangocontenttype", "pk": 29, "fields": {"app_label": "smupApp", "model": "authpermission"}}, {"model": "smupApp.djangocontenttype", "pk": 30, "fields": {"app_label": "smupApp", "model": "authusergroups"}}, {"model": "smupApp.djangocontenttype", "pk": 31, "fields": {"app_label": "smupApp", "model": "authuseruserpermissions"}}, {"model": "smupApp.djangocontenttype", "pk": 32, "fields": {"app_label": "smupApp", "model": "djangoadminlog"}}, {"model": "smupApp.djangocontenttype", "pk": 33, "fields": {"app_label": "smupApp", "model": "djangocontenttype"}}, {"model": "smupApp.djangocontenttype", "pk": 34, "fields": {"app_label": "smupApp", "model": "djangomigrations"}}, {"model": "smupApp.djangocontenttype", "pk": 35, "fields": {"app_label": "smupApp", "model": "djangosession"}}, {"model": "smupApp.djangocontenttype", "pk": 36, "fields": {"app_label": "smupApp", "model": "datatype"}}, {"model": "smupApp.djangocontenttype", "pk": 37, "fields": {"app_label": "smupApp", "model": "employeetype"}}, {"model": "smupApp.djangocontenttype", "pk": 38, "fields": {"app_label": "smupApp", "model": "process"}}, {"model": "smupApp.djangocontenttype", "pk": 39, "fields": {"app_label": "smupApp", "model": "employee"}}, {"model": "smupApp.djangocontenttype", "pk": 40, "fields": {"app_label": "smupApp", "model": "rulehasprocess"}}, {"model": "smupApp.djangocontenttype", "pk": 41, "fields": {"app_label": "smupApp", "model": "authuser"}}, {"model": "smupApp.djangocontenttype", "pk": 42, "fields": {"app_label": "smupApp", "model": "rule"}}, {"model": "smupApp.djangocontenttype", "pk": 43, "fields": {"app_label": "smupApp", "model": "activity"}}, {"model": "smupApp.djangocontenttype", "pk": 44, "fields": {"app_label": "smupApp", "model": "unit"}}, {"model": "smupApp.djangocontenttype", "pk": 45, "fields": {"app_label": "smupApp", "model": "timerange"}}, {"model": "smupApp.djangocontenttype", "pk": 46, "fields": {"app_label": "smupApp", "model": "rulehasemployee"}}, {"model": "smupApp.djangomigrations", "pk": 12, "fields": {"app": "contenttypes", "name": "0001_initial", "applied": "2022-01-20T21:58:34.285Z"}}, {"model": "smupApp.djangomigrations", "pk": 13, "fields": {"app": "auth", "name": "0001_initial", "applied": "2022-01-20T21:58:36.025Z"}}, {"model": "smupApp.djangomigrations", "pk": 14, "fields": {"app": "admin", "name": "0001_initial", "applied": "2022-01-20T21:58:36.526Z"}}, {"model": "smupApp.djangomigrations", "pk": 15, "fields": {"app": "admin", "name": "0002_logentry_remove_auto_add", "applied": "2022-01-20T21:58:36.689Z"}}, {"model": "smupApp.djangomigrations", "pk": 16, "fields": {"app": "admin", "name": "0003_logentry_add_action_flag_choices", "applied": "2022-01-20T21:58:36.909Z"}}, {"model": "smupApp.djangomigrations", "pk": 17, "fields": {"app": "contenttypes", "name": "0002_remove_content_type_name", "applied": "2022-01-20T21:58:37.245Z"}}, {"model": "smupApp.djangomigrations", "pk": 18, "fields": {"app": "auth", "name": "0002_alter_permission_name_max_length", "applied": "2022-01-20T21:58:37.512Z"}}, {"model": "smupApp.djangomigrations", "pk": 19, "fields": {"app": "auth", "name": "0003_alter_user_email_max_length", "applied": "2022-01-20T21:58:37.779Z"}}, {"model": "smupApp.djangomigrations", "pk": 20, "fields": {"app": "auth", "name": "0004_alter_user_username_opts", "applied": "2022-01-20T21:58:37.996Z"}}, {"model": "smupApp.djangomigrations", "pk": 21, "fields": {"app": "auth", "name": "0005_alter_user_last_login_null", "applied": "2022-01-20T21:58:38.265Z"}}, {"model": "smupApp.djangomigrations", "pk": 22, "fields": {"app": "auth", "name": "0006_require_contenttypes_0002", "applied": "2022-01-20T21:58:38.477Z"}}, {"model": "smupApp.djangomigrations", "pk": 23, "fields": {"app": "auth", "name": "0007_alter_validators_add_error_messages", "applied": "2022-01-20T21:58:38.691Z"}}, {"model": "smupApp.djangomigrations", "pk": 24, "fields": {"app": "auth", "name": "0008_alter_user_username_max_length", "applied": "2022-01-20T21:58:38.967Z"}}, {"model": "smupApp.djangomigrations", "pk": 25, "fields": {"app": "auth", "name": "0009_alter_user_last_name_max_length", "applied": "2022-01-20T21:58:39.235Z"}}, {"model": "smupApp.djangomigrations", "pk": 26, "fields": {"app": "auth", "name": "0010_alter_group_name_max_length", "applied": "2022-01-20T21:58:39.508Z"}}, {"model": "smupApp.djangomigrations", "pk": 27, "fields": {"app": "auth", "name": "0011_update_proxy_permissions", "applied": "2022-01-20T21:58:39.728Z"}}, {"model": "smupApp.djangomigrations", "pk": 28, "fields": {"app": "auth", "name": "0012_alter_user_first_name_max_length", "applied": "2022-01-20T21:58:39.995Z"}}, {"model": "smupApp.djangomigrations", "pk": 29, "fields": {"app": "sessions", "name": "0001_initial", "applied": "2022-01-20T21:58:40.433Z"}}, {"model": "smupApp.djangomigrations", "pk": 30, "fields": {"app": "app", "name": "0001_initial", "applied": "2022-01-20T22:01:53.589Z"}}, {"model": "smupApp.djangomigrations", "pk": 31, "fields": {"app": "app", "name": "0002_auto_20211120_1015", "applied": "2022-01-20T22:01:53.836Z"}}, {"model": "smupApp.djangomigrations", "pk": 32, "fields": {"app": "app", "name": "0003_auto_20211120_1107", "applied": "2022-01-20T22:01:54.059Z"}}, {"model": "smupApp.djangomigrations", "pk": 33, "fields": {"app": "app", "name": "0004_activity_activityhasrule_employee_employeetype_process_rule_unit", "applied": "2022-01-20T22:01:54.279Z"}}, {"model": "smupApp.djangomigrations", "pk": 34, "fields": {"app": "app", "name": "0005_authgroup_authgrouppermissions_authpermission_authuser_authusergroups_authuseruserpermissions_django", "applied": "2022-01-20T22:01:54.499Z"}}, {"model": "smupApp.djangomigrations", "pk": 35, "fields": {"app": "app", "name": "0006_auto_20211121_1156", "applied": "2022-01-20T22:01:54.714Z"}}, {"model": "smupApp.djangomigrations", "pk": 36, "fields": {"app": "app", "name": "0007_alter_process_table", "applied": "2022-01-20T22:01:54.931Z"}}, {"model": "smupApp.djangomigrations", "pk": 37, "fields": {"app": "app", "name": "0008_effect", "applied": "2022-01-20T22:01:55.145Z"}}, {"model": "smupApp.djangomigrations", "pk": 38, "fields": {"app": "app", "name": "0009_auto_20211127_0035", "applied": "2022-01-20T22:01:55.396Z"}}, {"model": "smupApp.djangomigrations", "pk": 39, "fields": {"app": "app", "name": "0010_datatype", "applied": "2022-01-20T22:01:55.611Z"}}, {"model": "smupApp.djangomigrations", "pk": 40, "fields": {"app": "app", "name": "0011_rulehasemployee", "applied": "2022-01-20T22:01:55.827Z"}}, {"model": "smupApp.djangomigrations", "pk": 41, "fields": {"app": "smupApp", "name": "0001_initial", "applied": "2022-01-21T09:31:22.675Z"}}, {"model": "smupApp.djangosession", "pk": "8mxpm0ys28assju02y2v8zpe2gdumoab", "fields": {"session_data": ".eJxVjMEOwiAQRP-FsyGACLsevfcbCOyCVA1NSnsy_rtt0oOeJpn3Zt4ixHWpYe15DiOLq9Di9NulSM_cdsCP2O6TpKkt85jkrsiDdjlMnF-3w_07qLHXba0SoC8OLuwANVACjYoYHSoEAGSrC5Ey0TirPGHJXpOx57hFYWvF5wvCuzc4:1nAqpE:yqscXqFaai2w_RB6he3oL_K_vggZfXNagbb82vVbtLg", "expire_date": "2022-02-04T10:07:20.214Z"}}, {"model": "smupApp.employeetype", "pk": 1, "fields": {"name": "ADMIN"}}, {"model": "smupApp.employeetype", "pk": 2, "fields": {"name": "USER"}}, {"model": "smupApp.employeetype", "pk": 3, "fields": {"name": "MANAGER"}}, {"model": "smupApp.employeetype", "pk": 4, "fields": {"name": "PROCESS MANAGER"}}, {"model": "smupApp.timerange", "pk": 1, "fields": {"name": "Dzie"}}, {"model": "smupApp.timerange", "pk": 2, "fields": {"name": "Tydzie"}}, {"model": "smupApp.timerange", "pk": 3, "fields": {"name": "Miesic"}}]