[
{
    "model": "auth.user",
    "pk": 2,
    "fields": {
        "password": "pbkdf2_sha256$320000$79Ai74sL9lXpfEX6KiDpH7$UVEdqJNJvJAYo1T5ufIIHYvXePHQt/ZtCVvrvDmAv9M=",
        "last_login": "2022-04-26T06:57:56.340Z",
        "is_superuser": true,
        "username": "admin",
        "first_name": "",
        "last_name": "",
        "email": "user@email.com",
        "is_staff": true,
        "is_active": true,
        "date_joined": "2022-01-21T14:57:37Z",
        "groups": [],
        "user_permissions": []
    }
},
{
    "model": "auth.user",
    "pk": 3,
    "fields": {
        "password": "pbkdf2_sha256$320000$zGMlKU2zkKBqovK2ljtK4O$MAlBJG+bQ4zo3ER697pMA8xo8rlQ5HqvnjBX3AEpNVA=",
        "last_login": "2022-04-22T09:04:36.337Z",
        "is_superuser": false,
        "username": "mInglot",
        "first_name": "",
        "last_name": "",
        "email": "mInglot",
        "is_staff": false,
        "is_active": true,
        "date_joined": "2022-01-21T15:28:49.833Z",
        "groups": [],
        "user_permissions": []
    }
},
{
    "model": "auth.user",
    "pk": 6,
    "fields": {
        "password": "pbkdf2_sha256$320000$GhToIZWTjrX9ndOAfVexn7$KcYygZeX1Ukwrj/u9aHxQwHbLRJqNINu/jU6+9PFkyo=",
        "last_login": "2022-04-26T06:58:13.513Z",
        "is_superuser": false,
        "username": "pwozniak",
        "first_name": "",
        "last_name": "",
        "email": "pwozniak",
        "is_staff": false,
        "is_active": true,
        "date_joined": "2022-02-10T20:24:38.758Z",
        "groups": [],
        "user_permissions": []
    }
},
{
    "model": "auth.user",
    "pk": 7,
    "fields": {
        "password": "pbkdf2_sha256$320000$fwPOTDxCoqCYpA30GyPvfT$g1F63nUggHxEHiVpb4Ms40V7q1L9HdPP2tcIzSdjSh0=",
        "last_login": "2022-03-11T15:59:46.188Z",
        "is_superuser": false,
        "username": "administrator",
        "first_name": "",
        "last_name": "",
        "email": "admin995",
        "is_staff": false,
        "is_active": true,
        "date_joined": "2022-03-03T16:04:43.834Z",
        "groups": [],
        "user_permissions": []
    }
},
{
    "model": "auth.user",
    "pk": 8,
    "fields": {
        "password": "pbkdf2_sha256$320000$nKR0n5zJnDm2tzmBKaESck$t2ZlZJn78wRqLSK9oLaPe2bBvi19n7D09ooUNvfeB0c=",
        "last_login": "2022-03-22T11:20:37.617Z",
        "is_superuser": false,
        "username": "Pracownik1",
        "first_name": "",
        "last_name": "",
        "email": "Pracownik1",
        "is_staff": false,
        "is_active": true,
        "date_joined": "2022-03-11T13:52:37.454Z",
        "groups": [],
        "user_permissions": []
    }
},
{
    "model": "auth.user",
    "pk": 9,
    "fields": {
        "password": "pbkdf2_sha256$320000$7tRyNIkitl9yqNwH1JaoLJ$Y7EZS4G9L+5TB/R5YbVnigjT95IgRvjNaJTvgvvyu20=",
        "last_login": null,
        "is_superuser": false,
        "username": "Pracownik2",
        "first_name": "",
        "last_name": "",
        "email": "Pracownik2",
        "is_staff": false,
        "is_active": true,
        "date_joined": "2022-03-11T13:53:59.293Z",
        "groups": [],
        "user_permissions": []
    }
},
{
    "model": "auth.user",
    "pk": 10,
    "fields": {
        "password": "pbkdf2_sha256$320000$iLSxll6nezyvJCdHOhYMNJ$1/r2U/nLJtNsg9eoyZf7GOA1Mtb9v5S1StE7PW2aGqA=",
        "last_login": null,
        "is_superuser": false,
        "username": "Pracownik3",
        "first_name": "",
        "last_name": "",
        "email": "Pracownik3",
        "is_staff": false,
        "is_active": true,
        "date_joined": "2022-03-11T13:54:55.242Z",
        "groups": [],
        "user_permissions": []
    }
},
{
    "model": "auth.user",
    "pk": 11,
    "fields": {
        "password": "pbkdf2_sha256$320000$wKSOJJYyUTEnxXraELQAl8$rRD5lZ+etaC6RYFYcZU7PwDCy8Eq/1U7fjshe53Dq20=",
        "last_login": null,
        "is_superuser": false,
        "username": "Pracownik4",
        "first_name": "",
        "last_name": "",
        "email": "Pracownik4",
        "is_staff": false,
        "is_active": true,
        "date_joined": "2022-03-11T13:55:42.548Z",
        "groups": [],
        "user_permissions": []
    }
},
{
    "model": "auth.user",
    "pk": 12,
    "fields": {
        "password": "pbkdf2_sha256$320000$ohMUIkCQSCCcjDaJDhSwSH$mLnpIxLHyHSuWscWliHzvUVgtPtubYKuZTMSEuICYhc=",
        "last_login": null,
        "is_superuser": false,
        "username": "Pracownik5",
        "first_name": "",
        "last_name": "",
        "email": "Pracownik5",
        "is_staff": false,
        "is_active": true,
        "date_joined": "2022-03-11T13:56:37.923Z",
        "groups": [],
        "user_permissions": []
    }
},
{
    "model": "auth.user",
    "pk": 13,
    "fields": {
        "password": "pbkdf2_sha256$320000$ynqUJbS6zWp4JnYvH7SLYq$6vLo6xtIakcsvs6Bo/WHIsaScwIsBOa5Y9+T3OdaIKA=",
        "last_login": null,
        "is_superuser": false,
        "username": "Pracownik6",
        "first_name": "",
        "last_name": "",
        "email": "Pracownik6",
        "is_staff": false,
        "is_active": true,
        "date_joined": "2022-03-11T13:58:56.730Z",
        "groups": [],
        "user_permissions": []
    }
},
{
    "model": "auth.user",
    "pk": 14,
    "fields": {
        "password": "pbkdf2_sha256$320000$vt3se962UJs4koNlJytkIb$Q2QyfuMtGtZXS13grFCk3hHdcIAPAkRG7uYxTuOO4UQ=",
        "last_login": null,
        "is_superuser": false,
        "username": "Pracownik7",
        "first_name": "",
        "last_name": "",
        "email": "Pracownik7",
        "is_staff": false,
        "is_active": true,
        "date_joined": "2022-03-11T13:59:44.779Z",
        "groups": [],
        "user_permissions": []
    }
},
{
    "model": "auth.user",
    "pk": 15,
    "fields": {
        "password": "pbkdf2_sha256$320000$rTkTjOVBMKf2zZ1ZwqRfye$niZHAn0qT9V4Iq4OCe+YiRuOiwnUu+OERIbmkQb8WPw=",
        "last_login": null,
        "is_superuser": false,
        "username": "Pracownik8",
        "first_name": "",
        "last_name": "",
        "email": "Pracownik8",
        "is_staff": false,
        "is_active": true,
        "date_joined": "2022-03-11T14:00:19.284Z",
        "groups": [],
        "user_permissions": []
    }
},
{
    "model": "auth.user",
    "pk": 16,
    "fields": {
        "password": "pbkdf2_sha256$320000$YFTbWbGuhYrCJloGTXUMM7$Ejjzyw7ofijUt1Uexckc57DmGNIg5KQXI+6rCa4qYiU=",
        "last_login": null,
        "is_superuser": false,
        "username": "Pracownik9",
        "first_name": "",
        "last_name": "",
        "email": "Pracownik9",
        "is_staff": false,
        "is_active": true,
        "date_joined": "2022-03-11T14:01:42.911Z",
        "groups": [],
        "user_permissions": []
    }
},
{
    "model": "auth.user",
    "pk": 17,
    "fields": {
        "password": "pbkdf2_sha256$320000$hFHTpJ5zWIjsRWokaKEshg$/XUw8PrXTYVfOLeLCswRW4k6YkgE01WjM2nRXzr5vaA=",
        "last_login": null,
        "is_superuser": false,
        "username": "Pracownik10",
        "first_name": "",
        "last_name": "",
        "email": "Pracownik10",
        "is_staff": false,
        "is_active": true,
        "date_joined": "2022-03-11T14:02:52.320Z",
        "groups": [],
        "user_permissions": []
    }
},
{
    "model": "auth.user",
    "pk": 18,
    "fields": {
        "password": "pbkdf2_sha256$320000$zdZU1Pj16k80NnYtdz7O3s$IDBixTCrbBGxApBg3fkKVNRUaQjckMiTp9DY21c54+A=",
        "last_login": null,
        "is_superuser": false,
        "username": "Pracownik11",
        "first_name": "",
        "last_name": "",
        "email": "Pracownik11",
        "is_staff": false,
        "is_active": true,
        "date_joined": "2022-03-11T14:04:57.858Z",
        "groups": [],
        "user_permissions": []
    }
},
{
    "model": "auth.user",
    "pk": 19,
    "fields": {
        "password": "pbkdf2_sha256$320000$h1Js7PPbqfRAWWH54Ep1Qp$FVkFQWEbaJapP0Fl4vStrCPrhPfHxdav0HIaUA0snFA=",
        "last_login": null,
        "is_superuser": false,
        "username": "Pracownik12",
        "first_name": "",
        "last_name": "",
        "email": "Pracownik12",
        "is_staff": false,
        "is_active": true,
        "date_joined": "2022-03-11T14:06:07.651Z",
        "groups": [],
        "user_permissions": []
    }
},
{
    "model": "auth.user",
    "pk": 20,
    "fields": {
        "password": "pbkdf2_sha256$320000$HjP9cTAqs5pKiTSDQfOQ6W$9nGtVsN9glOnsg0CZHEzhYY7a1muSrxjxK68wZsee9k=",
        "last_login": null,
        "is_superuser": false,
        "username": "Pracownik13",
        "first_name": "",
        "last_name": "",
        "email": "Pracownik13",
        "is_staff": false,
        "is_active": true,
        "date_joined": "2022-03-11T14:07:05.050Z",
        "groups": [],
        "user_permissions": []
    }
},
{
    "model": "auth.user",
    "pk": 21,
    "fields": {
        "password": "pbkdf2_sha256$320000$qw7LODz7pWOBmfPE5BVSIN$4yrdZZlg0QL/AtCsCODqxA0srzfGMP54O8MfvF6Sh9E=",
        "last_login": null,
        "is_superuser": false,
        "username": "Pracownik14",
        "first_name": "",
        "last_name": "",
        "email": "Pracownik14",
        "is_staff": false,
        "is_active": true,
        "date_joined": "2022-03-11T15:23:42.851Z",
        "groups": [],
        "user_permissions": []
    }
},
{
    "model": "auth.user",
    "pk": 22,
    "fields": {
        "password": "pbkdf2_sha256$320000$42igsEycgrW7J9h6keWp52$F1UnxtPhVnoGNSYhGwNmUCA0BqeEyDivClr0B/dcV94=",
        "last_login": null,
        "is_superuser": false,
        "username": "Pracownik15",
        "first_name": "",
        "last_name": "",
        "email": "Pracownik15",
        "is_staff": false,
        "is_active": true,
        "date_joined": "2022-03-11T15:24:21.979Z",
        "groups": [],
        "user_permissions": []
    }
},
{
    "model": "auth.user",
    "pk": 23,
    "fields": {
        "password": "pbkdf2_sha256$320000$C2k1kb0JywoHyvgtrUFNNN$kyK0fK56rZ7jU3tFo+Qcg6k3iVSRC3eoYNftbvLZvuE=",
        "last_login": null,
        "is_superuser": false,
        "username": "Pracownik16",
        "first_name": "",
        "last_name": "",
        "email": "Pracownik16",
        "is_staff": false,
        "is_active": true,
        "date_joined": "2022-03-11T15:30:02.084Z",
        "groups": [],
        "user_permissions": []
    }
},
{
    "model": "auth.user",
    "pk": 24,
    "fields": {
        "password": "pbkdf2_sha256$320000$yJHjPH21V3jplpbMaoDXPR$yviMgQ0JlLyCXNaGhzZXQBJq6KCzqvlBe3J2dLOtfVI=",
        "last_login": null,
        "is_superuser": false,
        "username": "Pracownik17",
        "first_name": "",
        "last_name": "",
        "email": "Pracownik17",
        "is_staff": false,
        "is_active": true,
        "date_joined": "2022-03-11T15:30:42.354Z",
        "groups": [],
        "user_permissions": []
    }
},
{
    "model": "auth.user",
    "pk": 25,
    "fields": {
        "password": "pbkdf2_sha256$320000$M2DFKIgIoIrfOPXa2gQlMv$Dv25CdO8wPrJJ529WT49E4JyeMLdQpxlR67WHIdh6J0=",
        "last_login": null,
        "is_superuser": false,
        "username": "Pracownik18",
        "first_name": "",
        "last_name": "",
        "email": "Pracownik18",
        "is_staff": false,
        "is_active": true,
        "date_joined": "2022-03-11T15:31:38.799Z",
        "groups": [],
        "user_permissions": []
    }
},
{
    "model": "auth.user",
    "pk": 26,
    "fields": {
        "password": "pbkdf2_sha256$320000$9Ax3z2DPHtEP9fZSKfwg2R$L/LldW1Fo1OKbC90MlBt9BibnCHFTApNuqJLh9gHAj8=",
        "last_login": null,
        "is_superuser": false,
        "username": "Pracownik19",
        "first_name": "",
        "last_name": "",
        "email": "Pracownik19",
        "is_staff": false,
        "is_active": true,
        "date_joined": "2022-03-11T15:32:16.837Z",
        "groups": [],
        "user_permissions": []
    }
},
{
    "model": "auth.user",
    "pk": 27,
    "fields": {
        "password": "pbkdf2_sha256$320000$hnNCD8JessRjfS9r4jzl6p$gfbZ5rbZZVseHP5qSdHHNg6tR085N4eXBCvOo30Zgi4=",
        "last_login": null,
        "is_superuser": false,
        "username": "Pracownik20",
        "first_name": "",
        "last_name": "",
        "email": "Pracownik20",
        "is_staff": false,
        "is_active": true,
        "date_joined": "2022-03-11T15:33:28.626Z",
        "groups": [],
        "user_permissions": []
    }
},
{
    "model": "auth.user",
    "pk": 28,
    "fields": {
        "password": "pbkdf2_sha256$320000$Q1d0zYp7HgJGfGTxh4FAKa$h3tQiPEdejIaxijMA8TqxC57N+9QGJIjsPzX0JTylFs=",
        "last_login": "2022-03-22T11:23:59.803Z",
        "is_superuser": false,
        "username": "jolantaj",
        "first_name": "",
        "last_name": "",
        "email": "jolantaj",
        "is_staff": false,
        "is_active": true,
        "date_joined": "2022-03-11T15:51:53.507Z",
        "groups": [],
        "user_permissions": []
    }
},
{
    "model": "auth.user",
    "pk": 29,
    "fields": {
        "password": "pbkdf2_sha256$320000$J4SK1NExhYsXOGItPnnNOb$Fdon7bc/9LgW6GwV7I5/v3NXt6zkLLchsRZkfzF4gi8=",
        "last_login": null,
        "is_superuser": false,
        "username": "marcinp",
        "first_name": "",
        "last_name": "",
        "email": "marcinp",
        "is_staff": false,
        "is_active": true,
        "date_joined": "2022-03-11T15:53:28.326Z",
        "groups": [],
        "user_permissions": []
    }
},
{
    "model": "sessions.session",
    "pk": "02mdilqvi7xbwmuzsadpetk1px1lebea",
    "fields": {
        "session_data": ".eJxVjEEOwiAQRe_C2pBCYaAu3XuGZoYZbNVAUtqV8e7apAvd_vfef6kRt3UatybLOLM6K6tOvxthekjZAd-x3KpOtazLTHpX9EGbvlaW5-Vw_w4mbNO3dgDeyxAoDCCShS0MYoUQKDpnUmejp-h9AMMYGAg67DKLwczY96jeH-c_OG0:1nPnl1:uU5k0U5AwPr8FZWq3H6Y8eTlWv-rTETMp2Lq1TWk03w",
        "expire_date": "2022-03-17T15:52:47.712Z"
    }
},
{
    "model": "sessions.session",
    "pk": "0lk94fuamt65h54ghk8508im5367z04p",
    "fields": {
        "session_data": ".eJxVjDEOwjAMRe-SGUVNjBLDyM4ZIru2SQG1UtNOiLtDpQ6w_vfef7lC61LL2nQug7izi-7wuzH1Dx03IHcab5Pvp3GZB_ab4nfa_HUSfV529--gUqvfGgGMGDllyQGFIRBL0i6wKkKkgMZyIussiypkMYoxHg0SApoG9_4AC-g49A:1nF1bC:-129V2qVf6_Qy36xa0HAnC8od_IZzy2q9-PSTBQsn5I",
        "expire_date": "2022-02-15T22:26:06.996Z"
    }
},
{
    "model": "sessions.session",
    "pk": "1t3uy9qc24d8eup9x2iz2iux18ks76sy",
    "fields": {
        "session_data": ".eJxVjDkOwjAUBe_iGln5XsChpOcM0d-MAyiW4qRC3B0ipYD2zcx7mQHXpQxr03kYxZyNM4ffjZAfOm1A7jjdquU6LfNIdlPsTpu9VtHnZXf_Dgq28q0DEmQvrBGj9D0GyICJtfOeT-B85MiJVDsVTxBiAkmiKYI_Zkck5v0BBMQ4sQ:1nKohV:2iI-vLoh2xxI4yChXSjaiJV3QyBnRC_RS7H88h8dn54",
        "expire_date": "2022-03-03T21:52:33.684Z"
    }
},
{
    "model": "sessions.session",
    "pk": "28loa75l1gd1t9r1h29evpxiiuyazokt",
    "fields": {
        "session_data": ".eJxVjMsKwjAQAP8lZwnb5u3Re78hZHeDqUoCTXsS_10CPeh1Zpi3iOnYSzx63uLK4iqUuPwyTPTMdQh-pHpvklrdtxXlSORpu1wa59ftbP8GJfUytpN3xBMaDcGD5pQ9o_YBwWSfgRwqS5aCIk6AOAMaAw7BBkdWuVl8vt_wN5s:1nKc5V:qVDcu-558Chf0wvYQX8rfLURpxdu0v_3WVxVZyQazCc",
        "expire_date": "2022-03-03T08:24:29.126Z"
    }
},
{
    "model": "sessions.session",
    "pk": "8j8mo3hc3vt3voa4vm9w05xrrudr2thh",
    "fields": {
        "session_data": ".eJxVjEEOwiAQRe_C2pBCYaAu3XuGZoYZbNVAUtqV8e7apAvd_vfef6kRt3UatybLOLM6K6tOvxthekjZAd-x3KpOtazLTHpX9EGbvlaW5-Vw_w4mbNO3dgDeyxAoDCCShS0MYoUQKDpnUmejp-h9AMMYGAg67DKLwczY96jeH-c_OG0:1nSjP7:NuR1N4LreopSik7Xu8PHsdYnRsrNn1Hr_Z6rjSBAByo",
        "expire_date": "2022-03-25T17:50:17.868Z"
    }
},
{
    "model": "sessions.session",
    "pk": "8yrdwd67nrn52qzvietsusqjqsxddr6r",
    "fields": {
        "session_data": ".eJxVjMsKwjAQAP8lZwnb5u3Re78hZHeDqUoCTXsS_10CPeh1Zpi3iOnYSzx63uLK4iqUuPwyTPTMdQh-pHpvklrdtxXlSORpu1wa59ftbP8GJfUytpN3xBMaDcGD5pQ9o_YBwWSfgRwqS5aCIk6AOAMaAw7BBkdWuVl8vt_wN5s:1nCKA3:YceCI-CeJpAh2nSJze_A20_C9_cq0R4U5wuvmVZiGpA",
        "expire_date": "2022-02-08T11:38:55.227Z"
    }
},
{
    "model": "sessions.session",
    "pk": "8yxo5e78x0jmjgqhx8syyaccpe1rjmcx",
    "fields": {
        "session_data": ".eJxVjMsKwjAQAP8lZwnb5u3Re78hZHeDqUoCTXsS_10CPeh1Zpi3iOnYSzx63uLK4iqUuPwyTPTMdQh-pHpvklrdtxXlSORpu1wa59ftbP8GJfUytpN3xBMaDcGD5pQ9o_YBwWSfgRwqS5aCIk6AOAMaAw7BBkdWuVl8vt_wN5s:1nhpDQ:UG3vS7eVGew01ouR0AbQNvXngolJNCvPRkuiwBFwB3U",
        "expire_date": "2022-05-06T09:04:36.351Z"
    }
},
{
    "model": "sessions.session",
    "pk": "9bi5iwaoppn618gm4ls9pxa7q7m208er",
    "fields": {
        "session_data": ".eJxVjEEOwiAQRe_C2pABAs64dO8ZCDBTqRqalHZlvLsh6UK3_7333yqmfatx77LGmdVFBXX63XIqT2kD8CO1-6LL0rZ1znoo-qBd3xaW1_Vw_w5q6nXU6A0BeLQBgNkatNkLWpsDOZYzMTM4g-STm4JjLI5EJgeWSQKQ-nwBu4k3Jg:1nSjOF:EHmogGK4N-ljGZcjEq4JtvZHtY70wBXWeO9DpvvptDk",
        "expire_date": "2022-03-25T17:49:23.457Z"
    }
},
{
    "model": "sessions.session",
    "pk": "9le6q825wzw2yr4ls0xwynobw35o88i5",
    "fields": {
        "session_data": ".eJxVjEsOwjAMBe-SNYqapE4xS_Y9Q2THDimgVupnhbg7VOoCtm9m3ssk2taatkXnNIi5GG9OvxtTfui4A7nTeJtsnsZ1Htjuij3oYvtJ9Hk93L-DSkv91uSb4KiwtNCoUylQnGBUQEaH2kGJ1AIG32EAyEVD9JyFm8h4duTM-wPwmTgJ:1nNhMG:8dgOZe4mntWZuRm7yPCSHpraZl-L1l5nPOdiX-_YrOk",
        "expire_date": "2022-03-11T20:38:32.333Z"
    }
},
{
    "model": "sessions.session",
    "pk": "a52gblycomc36vro5harvpzb5xi7b9op",
    "fields": {
        "session_data": ".eJxVjEEOwiAQRe_C2pABAs64dO8ZCDBTqRqalHZlvLsh6UK3_7333yqmfatx77LGmdVFBXX63XIqT2kD8CO1-6LL0rZ1znoo-qBd3xaW1_Vw_w5q6nXU6A0BeLQBgNkatNkLWpsDOZYzMTM4g-STm4JjLI5EJgeWSQKQ-nwBu4k3Jg:1njF9J:h-zDKDKVbafEiJVLNfoxqNSOwwNkUgKHOdApvs9VIPA",
        "expire_date": "2022-05-10T06:58:13.515Z"
    }
},
{
    "model": "sessions.session",
    "pk": "dnbu1hh3cjtmrd7lymj4yt8w95rprlv4",
    "fields": {
        "session_data": ".eJxVjEEOwiAQRe_C2pABAs64dO8ZCDBTqRqalHZlvLsh6UK3_7333yqmfatx77LGmdVFBXX63XIqT2kD8CO1-6LL0rZ1znoo-qBd3xaW1_Vw_w5q6nXU6A0BeLQBgNkatNkLWpsDOZYzMTM4g-STm4JjLI5EJgeWSQKQ-nwBu4k3Jg:1ndnn0:ppXxlmFmNPfIMgFgwoOuDhl8y2WGBLPWRilxHs4w4IQ",
        "expire_date": "2022-04-25T06:44:42.519Z"
    }
},
{
    "model": "sessions.session",
    "pk": "ehcc3yaa14qt0ap1vu4xi1mcbot8cgb7",
    "fields": {
        "session_data": ".eJxVjDsOwjAQBe_iGln-rhdK-pzB8meNA8iW4qRC3B0ipYD2zcx7MR-2tfpt0OLnzC7MsdPvFkN6UNtBvod26zz1ti5z5LvCDzr41DM9r4f7d1DDqN_aqHPROkEpEjCrWLS1QchgwKEFLVC7ROQMQEZM0pIVEnJxCEoYioK9P8mPNvc:1nShgA:jFmvdmEZNSLTKFudqKJbsMSTUpvflJ7sW0aWC0w9PsI",
        "expire_date": "2022-03-25T15:59:46.191Z"
    }
},
{
    "model": "sessions.session",
    "pk": "ffng48r2n75dihyao92r8bo51mokghmd",
    "fields": {
        "session_data": ".eJxVjEEOwiAQRe_C2pBCYaAu3XuGZoYZbNVAUtqV8e7apAvd_vfef6kRt3UatybLOLM6K6tOvxthekjZAd-x3KpOtazLTHpX9EGbvlaW5-Vw_w4mbNO3dgDeyxAoDCCShS0MYoUQKDpnUmejp-h9AMMYGAg67DKLwczY96jeH-c_OG0:1nZeA5:anRtHD4NdzLv0djI9HwNNkzs7buQg_Lbk8hd_f2xn4M",
        "expire_date": "2022-04-13T19:39:21.751Z"
    }
},
{
    "model": "sessions.session",
    "pk": "fo2ckxaagb9cbeu9tpwd8ykgpyu3upox",
    "fields": {
        "session_data": ".eJxVjMsKwjAQAP8lZwnb5u3Re78hZHeDqUoCTXsS_10CPeh1Zpi3iOnYSzx63uLK4iqUuPwyTPTMdQh-pHpvklrdtxXlSORpu1wa59ftbP8GJfUytpN3xBMaDcGD5pQ9o_YBwWSfgRwqS5aCIk6AOAMaAw7BBkdWuVl8vt_wN5s:1nLtKw:ov4hrNgxfq3QaxC_D3hAmqZEWIbuQYZGMeZC6UDHi5g",
        "expire_date": "2022-03-06T21:01:42.485Z"
    }
},
{
    "model": "sessions.session",
    "pk": "gqqui3z0gnq7bddyc3nw5vwqo3l9kw0v",
    "fields": {
        "session_data": ".eJxVjDkOwjAUBe_iGln5XsChpOcM0d-MAyiW4qRC3B0ipYD2zcx7mQHXpQxr03kYxZyNM4ffjZAfOm1A7jjdquU6LfNIdlPsTpu9VtHnZXf_Dgq28q0DEmQvrBGj9D0GyICJtfOeT-B85MiJVDsVTxBiAkmiKYI_Zkck5v0BBMQ4sQ:1nKp67:luWgu1BJ69MdljNXy1XIXJg1xtn_X1oOBqGIRU6eYAY",
        "expire_date": "2022-03-03T22:17:59.518Z"
    }
},
{
    "model": "sessions.session",
    "pk": "hfonpktl3v0hmncl27sawra9ai1chbzt",
    "fields": {
        "session_data": ".eJxVjEEOwiAQRe_C2pBCYaAu3XuGZoYZbNVAUtqV8e7apAvd_vfef6kRt3UatybLOLM6K6tOvxthekjZAd-x3KpOtazLTHpX9EGbvlaW5-Vw_w4mbNO3dgDeyxAoDCCShS0MYoUQKDpnUmejp-h9AMMYGAg67DKLwczY96jeH-c_OG0:1nb88D:E0-D6es0-FKJ1xlMGxbiD0j5K5r7x3RP_Hvj3p4P3ig",
        "expire_date": "2022-04-17T21:51:33.368Z"
    }
},
{
    "model": "sessions.session",
    "pk": "hp2qd3xg8wh3wvt433rux6m5mrfr0x98",
    "fields": {
        "session_data": ".eJxVjEEOwiAQAP_C2RAoUIpH730DWXa3UjWQlPZk_Lsh6UGvM5N5iwjHnuPReIsriatw4vLLEuCTSxf0gHKvEmvZtzXJnsjTNjlX4tftbP8GGVruWzsSWcbEC1lNk0sjDzokcBgsB3Ca0JNRDIpZoVrCwN75NFljiC2KzxcTmDj2:1nEzZD:ptElAhaWPt8yodtgl0BVbV0ydMkfUxiLR6y0SntYnfg",
        "expire_date": "2022-02-15T20:15:55.282Z"
    }
},
{
    "model": "sessions.session",
    "pk": "i1iq2guftdoef37t77s1b1ph231qagza",
    "fields": {
        "session_data": ".eJxVjDsOwjAQBe_iGll4_aekzxmsXX9wANlSnFSIu0OkFNC-mXkvFnBba9hGXsKc2IWBY6ffkTA-cttJumO7dR57W5eZ-K7wgw4-9ZSf18P9O6g46rc-W1RAwktRiodiohRgCUlFoWxUQhkAcNanJCIWrR3qbFUhqcE4KsTeH_WPN9Q:1nWccJ:dVRxZ9JmEVS4oKpCr5uXhoWGaA5Nf5JrVNkd4toDYek",
        "expire_date": "2022-04-05T11:23:59.807Z"
    }
},
{
    "model": "sessions.session",
    "pk": "ijdgoijtrb2fwtl6ekzk8g0g166f91b2",
    "fields": {
        "session_data": ".eJxVjEEOwiAQRe_C2hA6SJm6dN8zNAMzSNVAUtqV8e7apAvd_vfef6mJtjVPW5NlmlldFKjT7xYoPqTsgO9UblXHWtZlDnpX9EGbHivL83q4fweZWv7WBGcPzB7AdwbJWyDiATFJ73zfsbODSU4QGA0bScZCCDEhWmfIcVTvD8vKN6I:1nBFum:-cQc0prztzq9i7wj73yduHl_whU64u98BvV001jaEds",
        "expire_date": "2022-02-05T12:54:44.226Z"
    }
},
{
    "model": "sessions.session",
    "pk": "jdauprai9kbexi6wa3j3emwyw8stxmly",
    "fields": {
        "session_data": ".eJxVjEEOwiAQRe_C2pBCYaAu3XuGZoYZbNVAUtqV8e7apAvd_vfef6kRt3UatybLOLM6K6tOvxthekjZAd-x3KpOtazLTHpX9EGbvlaW5-Vw_w4mbNO3dgDeyxAoDCCShS0MYoUQKDpnUmejp-h9AMMYGAg67DKLwczY96jeH-c_OG0:1nb9Iv:2N0d23Dd5-mxLWNcPAnGGzLyboaGLLklvcrN-Ex5Je4",
        "expire_date": "2022-04-17T23:06:41.540Z"
    }
},
{
    "model": "sessions.session",
    "pk": "kxefjxyjtb40miw96i621y2540f8gsyv",
    "fields": {
        "session_data": ".eJxVjEEOwiAQRe_C2pBCYaAu3XuGZoYZbNVAUtqV8e7apAvd_vfef6kRt3UatybLOLM6K6tOvxthekjZAd-x3KpOtazLTHpX9EGbvlaW5-Vw_w4mbNO3dgDeyxAoDCCShS0MYoUQKDpnUmejp-h9AMMYGAg67DKLwczY96jeH-c_OG0:1nc2TD:N0qPFJqy7qJCkeQwIog7cFYBwttXoDwApiFI6MoKLqI",
        "expire_date": "2022-04-20T10:00:59.579Z"
    }
},
{
    "model": "sessions.session",
    "pk": "ldwjl0hmqx5i3fkei0gi3no7kuk3u1ta",
    "fields": {
        "session_data": ".eJxVjEEOwiAQRe_C2hA6SJm6dN8zNAMzSNVAUtqV8e7apAvd_vfef6mJtjVPW5NlmlldFKjT7xYoPqTsgO9UblXHWtZlDnpX9EGbHivL83q4fweZWv7WBGcPzB7AdwbJWyDiATFJ73zfsbODSU4QGA0bScZCCDEhWmfIcVTvD8vKN6I:1nCMlS:NQCj5WEVM3D_MwiO1r-0JTs-rUxMObYLAkv9p2O2yi8",
        "expire_date": "2022-02-08T14:25:42.946Z"
    }
},
{
    "model": "sessions.session",
    "pk": "mn0jqucgeozcck8rmqm3f1da4pe5oa6h",
    "fields": {
        "session_data": ".eJxVjMEOwiAQRP-FsyEt4Mp69N5vIAu7laqBpLQn47_bJj1o5jbvzbxVoHXJYW0yh4nVVYE6_XaR0lPKDvhB5V51qmWZp6h3RR-06aGyvG6H-3eQqeVtPRJwdD05uXD0gAidRcbOuC1nYulJyLCId2A9WvA42sTegE9C4NTnC-zcN_A:1nKisd:UdfaUuRrM-xM4SlLM1JmyABbgTh9l3pGq29UE-aY4fU",
        "expire_date": "2022-03-03T15:39:39.074Z"
    }
},
{
    "model": "sessions.session",
    "pk": "mo3agwb5lcps2wd2yuu8qp2uvf02jhxx",
    "fields": {
        "session_data": ".eJxVjDsOwjAQBe_iGln-y6ak5wzWeneNA8iR4qRC3B0ipYD2zcx7iQzb2vI2eMkTibMw4vS7FcAH9x3QHfptljj3dZmK3BV50CGvM_Hzcrh_Bw1G-9ZIZFFFlWINXoUQbUmKdS1crSenKhsMzluttIZkkABsKs5hCB69IfH-AOIFN8Y:1nPngV:npylge_uMmGzFPO66Pkpb1-dgkUHQHFpAAtMe1REs5A",
        "expire_date": "2022-03-17T15:48:07.594Z"
    }
},
{
    "model": "sessions.session",
    "pk": "qxv4g287ui0n3uu06y1gwezdhmlybcet",
    "fields": {
        "session_data": ".eJxVjEEOwiAQRe_C2pBhoAVcuvcMBIZBqoYmpV0Z765NutDtf-_9lwhxW2vYOi9hyuIsUJx-txTpwW0H-R7bbZY0t3WZktwVedAur3Pm5-Vw_w5q7PVbO8TIPIzFeQJOWSudvUVvDBjrC3FEzZacZUYAPQCS9VaPhpSGYpR4fwDavjcY:1nF1Za:2IaIhpiD0nY-ZcTvnZEBYhOkJiaGaF0oZTKe3bqvdD4",
        "expire_date": "2022-02-15T22:24:26.834Z"
    }
},
{
    "model": "sessions.session",
    "pk": "ravta1u9mskpoa80gu6dkbobb7chievt",
    "fields": {
        "session_data": ".eJxVjDsOwjAQBe_iGlmLf2so6TmDtf4sDiBbipMKcXeIlALaNzPvJQKtSw3rKHOYsjgLJQ6_W6T0KG0D-U7t1mXqbZmnKDdF7nTIa8_ledndv4NKo35rBLIetUpAOVrwjpVjoBQRsmENhg2n4rJBb2NCZKtPFsn4Es2RvBLvD-FiN9Y:1nNUxw:LLd0JWEIBb8RVC1-vnL8Ls0Jv9TB1ykf03HFIIRlsL0",
        "expire_date": "2022-03-11T07:24:36.202Z"
    }
},
{
    "model": "sessions.session",
    "pk": "s0k179n51635zuyk9x6st3fdkms2lxns",
    "fields": {
        "session_data": ".eJxVjEEOwiAQRe_C2hBmWiy4dO8ZyAwMUjU0Ke3KeHfbpAvdvvf-f6tA61LC2mQOY1IXher0y5jiU-ou0oPqfdJxqss8st4Tfdimb1OS1_Vo_w4KtbKtPbCxEBmEIqD19mxBsEfPGTpwmdGDMy4jIAxDt4FI3LEhcVkQevX5AsWAN1g:1nFM1u:KJqVqemB4zpvJFasLVvx--8YJi88PL3iYPOJ6SWKvgU",
        "expire_date": "2022-02-16T20:15:02.962Z"
    }
},
{
    "model": "sessions.session",
    "pk": "sxwb7rcyaqbqd5s8i261bwrgyvzm3z9c",
    "fields": {
        "session_data": ".eJxVjEEOwiAQRe_C2pBCYaAu3XuGZoYZbNVAUtqV8e7apAvd_vfef6kRt3UatybLOLM6K6tOvxthekjZAd-x3KpOtazLTHpX9EGbvlaW5-Vw_w4mbNO3dgDeyxAoDCCShS0MYoUQKDpnUmejp-h9AMMYGAg67DKLwczY96jeH-c_OG0:1nb811:cbR18rNqJo7oduUSnIgsIz2bOWarP5YQXI_Nog9cmhM",
        "expire_date": "2022-04-17T21:44:07.132Z"
    }
},
{
    "model": "sessions.session",
    "pk": "unseqs7ffp1reygmu5jovra1a4n4pzsa",
    "fields": {
        "session_data": ".eJxVjMsKwjAQAP8lZwnb5u3Re78hZHeDqUoCTXsS_10CPeh1Zpi3iOnYSzx63uLK4iqUuPwyTPTMdQh-pHpvklrdtxXlSORpu1wa59ftbP8GJfUytpN3xBMaDcGD5pQ9o_YBwWSfgRwqS5aCIk6AOAMaAw7BBkdWuVl8vt_wN5s:1nFB6l:YD49X1ugJNvrTIeb9gEFN-_9--lYBZl1t7gbnimb9h8",
        "expire_date": "2022-02-16T08:35:19.923Z"
    }
},
{
    "model": "sessions.session",
    "pk": "uukvn6vzqhdo6eaqdot52mwsealzinm9",
    "fields": {
        "session_data": ".eJxVjDsOwjAQBe_iGlnGWf8o6XMGa-1dcADZUpxUiLuTSCmgfTPz3iLiupS4dp7jROIirDj9bgnzk-sO6IH13mRudZmnJHdFHrTLsRG_rof7d1Cwl61O2lsMEDQM4AZlrDdK3dgERu8NJJeZwsZthmwzG-1osASaknN81iA-X7l9Nwk:1nLk4C:KqFB7R7gLEcfRatWQ77MRPR9avGUpTgTb7I_YxjkA20",
        "expire_date": "2022-03-06T11:07:48.563Z"
    }
},
{
    "model": "sessions.session",
    "pk": "vo19kevdfh6q3n9ematykjh4l8ksnxvi",
    "fields": {
        "session_data": ".eJxVjDsOwjAQBe_iGlle__BS0ucM1tpecAA5UpxUiLuTSCmgnZn33iLSutS4dp7jWMRFaHH6ZYnyk9suyoPafZJ5ass8Jrkn8rBdDlPh1_Vo_w4q9bqtUWk2N-uRLTAXdMadCSloREMbcKAsJkMBQGvtGABVhpAAvAHnrfh8AcfVNn8:1nNIXC:6oH_9rTtntwuPs73srHLP8IsA-qq63qZr4UxL7Wmisg",
        "expire_date": "2022-03-10T18:08:10.888Z"
    }
},
{
    "model": "sessions.session",
    "pk": "voliynavulr155dnagad8fkfy19t8mgh",
    "fields": {
        "session_data": ".eJxVjDsOwjAUBO_iGlmJP8kLJT1nsNb2Mw4gW4qTCnF3iJQC2p2ZfQmHbc1ua7y4OYqzUOL0u3mEB5cdxDvKrcpQy7rMXu6KPGiT1xr5eTncv4OMlr91TwB1qScdRmsRtYJiStr6iZIPg4mDQUhGkWcDWA3SDLbEhMl0o3h_APIgOGg:1nExb9:T1mDfoxleRD-hq16ckESQO7_QKh7y3OvBe4-t4KCKFI",
        "expire_date": "2022-02-15T18:09:47.307Z"
    }
},
{
    "model": "sessions.session",
    "pk": "wsb0m7r5i7uszbvuunyif8pfu7qszg5o",
    "fields": {
        "session_data": ".eJxVjEEOwiAQRe_C2hA6SJm6dN8zNAMzSNVAUtqV8e7apAvd_vfef6mJtjVPW5NlmlldFKjT7xYoPqTsgO9UblXHWtZlDnpX9EGbHivL83q4fweZWv7WBGcPzB7AdwbJWyDiATFJ73zfsbODSU4QGA0bScZCCDEhWmfIcVTvD8vKN6I:1nOoDN:3MXrC0rLjYlN7-XNeuHnz2sRf0FHy-9EGzBwqdbQGzc",
        "expire_date": "2022-03-14T22:09:57.630Z"
    }
},
{
    "model": "smupapp.authpermission",
    "pk": 1,
    "fields": {
        "name": "Can add log entry",
        "content_type": 1,
        "codename": "add_logentry"
    }
},
{
    "model": "smupapp.authpermission",
    "pk": 2,
    "fields": {
        "name": "Can change log entry",
        "content_type": 1,
        "codename": "change_logentry"
    }
},
{
    "model": "smupapp.authpermission",
    "pk": 3,
    "fields": {
        "name": "Can delete log entry",
        "content_type": 1,
        "codename": "delete_logentry"
    }
},
{
    "model": "smupapp.authpermission",
    "pk": 4,
    "fields": {
        "name": "Can view log entry",
        "content_type": 1,
        "codename": "view_logentry"
    }
},
{
    "model": "smupapp.authpermission",
    "pk": 5,
    "fields": {
        "name": "Can add permission",
        "content_type": 2,
        "codename": "add_permission"
    }
},
{
    "model": "smupapp.authpermission",
    "pk": 6,
    "fields": {
        "name": "Can change permission",
        "content_type": 2,
        "codename": "change_permission"
    }
},
{
    "model": "smupapp.authpermission",
    "pk": 7,
    "fields": {
        "name": "Can delete permission",
        "content_type": 2,
        "codename": "delete_permission"
    }
},
{
    "model": "smupapp.authpermission",
    "pk": 8,
    "fields": {
        "name": "Can view permission",
        "content_type": 2,
        "codename": "view_permission"
    }
},
{
    "model": "smupapp.authpermission",
    "pk": 9,
    "fields": {
        "name": "Can add group",
        "content_type": 3,
        "codename": "add_group"
    }
},
{
    "model": "smupapp.authpermission",
    "pk": 10,
    "fields": {
        "name": "Can change group",
        "content_type": 3,
        "codename": "change_group"
    }
},
{
    "model": "smupapp.authpermission",
    "pk": 11,
    "fields": {
        "name": "Can delete group",
        "content_type": 3,
        "codename": "delete_group"
    }
},
{
    "model": "smupapp.authpermission",
    "pk": 12,
    "fields": {
        "name": "Can view group",
        "content_type": 3,
        "codename": "view_group"
    }
},
{
    "model": "smupapp.authpermission",
    "pk": 13,
    "fields": {
        "name": "Can add user",
        "content_type": 4,
        "codename": "add_user"
    }
},
{
    "model": "smupapp.authpermission",
    "pk": 14,
    "fields": {
        "name": "Can change user",
        "content_type": 4,
        "codename": "change_user"
    }
},
{
    "model": "smupapp.authpermission",
    "pk": 15,
    "fields": {
        "name": "Can delete user",
        "content_type": 4,
        "codename": "delete_user"
    }
},
{
    "model": "smupapp.authpermission",
    "pk": 16,
    "fields": {
        "name": "Can view user",
        "content_type": 4,
        "codename": "view_user"
    }
},
{
    "model": "smupapp.authpermission",
    "pk": 17,
    "fields": {
        "name": "Can add content type",
        "content_type": 5,
        "codename": "add_contenttype"
    }
},
{
    "model": "smupapp.authpermission",
    "pk": 18,
    "fields": {
        "name": "Can change content type",
        "content_type": 5,
        "codename": "change_contenttype"
    }
},
{
    "model": "smupapp.authpermission",
    "pk": 19,
    "fields": {
        "name": "Can delete content type",
        "content_type": 5,
        "codename": "delete_contenttype"
    }
},
{
    "model": "smupapp.authpermission",
    "pk": 20,
    "fields": {
        "name": "Can view content type",
        "content_type": 5,
        "codename": "view_contenttype"
    }
},
{
    "model": "smupapp.authpermission",
    "pk": 21,
    "fields": {
        "name": "Can add session",
        "content_type": 6,
        "codename": "add_session"
    }
},
{
    "model": "smupapp.authpermission",
    "pk": 22,
    "fields": {
        "name": "Can change session",
        "content_type": 6,
        "codename": "change_session"
    }
},
{
    "model": "smupapp.authpermission",
    "pk": 23,
    "fields": {
        "name": "Can delete session",
        "content_type": 6,
        "codename": "delete_session"
    }
},
{
    "model": "smupapp.authpermission",
    "pk": 24,
    "fields": {
        "name": "Can view session",
        "content_type": 6,
        "codename": "view_session"
    }
},
{
    "model": "smupapp.authpermission",
    "pk": 25,
    "fields": {
        "name": "Can add auth group",
        "content_type": 7,
        "codename": "add_authgroup"
    }
},
{
    "model": "smupapp.authpermission",
    "pk": 26,
    "fields": {
        "name": "Can change auth group",
        "content_type": 7,
        "codename": "change_authgroup"
    }
},
{
    "model": "smupapp.authpermission",
    "pk": 27,
    "fields": {
        "name": "Can delete auth group",
        "content_type": 7,
        "codename": "delete_authgroup"
    }
},
{
    "model": "smupapp.authpermission",
    "pk": 28,
    "fields": {
        "name": "Can view auth group",
        "content_type": 7,
        "codename": "view_authgroup"
    }
},
{
    "model": "smupapp.authpermission",
    "pk": 29,
    "fields": {
        "name": "Can add auth group permissions",
        "content_type": 8,
        "codename": "add_authgrouppermissions"
    }
},
{
    "model": "smupapp.authpermission",
    "pk": 30,
    "fields": {
        "name": "Can change auth group permissions",
        "content_type": 8,
        "codename": "change_authgrouppermissions"
    }
},
{
    "model": "smupapp.authpermission",
    "pk": 31,
    "fields": {
        "name": "Can delete auth group permissions",
        "content_type": 8,
        "codename": "delete_authgrouppermissions"
    }
},
{
    "model": "smupapp.authpermission",
    "pk": 32,
    "fields": {
        "name": "Can view auth group permissions",
        "content_type": 8,
        "codename": "view_authgrouppermissions"
    }
},
{
    "model": "smupapp.authpermission",
    "pk": 33,
    "fields": {
        "name": "Can add auth permission",
        "content_type": 9,
        "codename": "add_authpermission"
    }
},
{
    "model": "smupapp.authpermission",
    "pk": 34,
    "fields": {
        "name": "Can change auth permission",
        "content_type": 9,
        "codename": "change_authpermission"
    }
},
{
    "model": "smupapp.authpermission",
    "pk": 35,
    "fields": {
        "name": "Can delete auth permission",
        "content_type": 9,
        "codename": "delete_authpermission"
    }
},
{
    "model": "smupapp.authpermission",
    "pk": 36,
    "fields": {
        "name": "Can view auth permission",
        "content_type": 9,
        "codename": "view_authpermission"
    }
},
{
    "model": "smupapp.authpermission",
    "pk": 37,
    "fields": {
        "name": "Can add auth user",
        "content_type": 10,
        "codename": "add_authuser"
    }
},
{
    "model": "smupapp.authpermission",
    "pk": 38,
    "fields": {
        "name": "Can change auth user",
        "content_type": 10,
        "codename": "change_authuser"
    }
},
{
    "model": "smupapp.authpermission",
    "pk": 39,
    "fields": {
        "name": "Can delete auth user",
        "content_type": 10,
        "codename": "delete_authuser"
    }
},
{
    "model": "smupapp.authpermission",
    "pk": 40,
    "fields": {
        "name": "Can view auth user",
        "content_type": 10,
        "codename": "view_authuser"
    }
},
{
    "model": "smupapp.authpermission",
    "pk": 41,
    "fields": {
        "name": "Can add auth user groups",
        "content_type": 11,
        "codename": "add_authusergroups"
    }
},
{
    "model": "smupapp.authpermission",
    "pk": 42,
    "fields": {
        "name": "Can change auth user groups",
        "content_type": 11,
        "codename": "change_authusergroups"
    }
},
{
    "model": "smupapp.authpermission",
    "pk": 43,
    "fields": {
        "name": "Can delete auth user groups",
        "content_type": 11,
        "codename": "delete_authusergroups"
    }
},
{
    "model": "smupapp.authpermission",
    "pk": 44,
    "fields": {
        "name": "Can view auth user groups",
        "content_type": 11,
        "codename": "view_authusergroups"
    }
},
{
    "model": "smupapp.authpermission",
    "pk": 45,
    "fields": {
        "name": "Can add auth user user permissions",
        "content_type": 12,
        "codename": "add_authuseruserpermissions"
    }
},
{
    "model": "smupapp.authpermission",
    "pk": 46,
    "fields": {
        "name": "Can change auth user user permissions",
        "content_type": 12,
        "codename": "change_authuseruserpermissions"
    }
},
{
    "model": "smupapp.authpermission",
    "pk": 47,
    "fields": {
        "name": "Can delete auth user user permissions",
        "content_type": 12,
        "codename": "delete_authuseruserpermissions"
    }
},
{
    "model": "smupapp.authpermission",
    "pk": 48,
    "fields": {
        "name": "Can view auth user user permissions",
        "content_type": 12,
        "codename": "view_authuseruserpermissions"
    }
},
{
    "model": "smupapp.authpermission",
    "pk": 49,
    "fields": {
        "name": "Can add django admin log",
        "content_type": 13,
        "codename": "add_djangoadminlog"
    }
},
{
    "model": "smupapp.authpermission",
    "pk": 50,
    "fields": {
        "name": "Can change django admin log",
        "content_type": 13,
        "codename": "change_djangoadminlog"
    }
},
{
    "model": "smupapp.authpermission",
    "pk": 51,
    "fields": {
        "name": "Can delete django admin log",
        "content_type": 13,
        "codename": "delete_djangoadminlog"
    }
},
{
    "model": "smupapp.authpermission",
    "pk": 52,
    "fields": {
        "name": "Can view django admin log",
        "content_type": 13,
        "codename": "view_djangoadminlog"
    }
},
{
    "model": "smupapp.authpermission",
    "pk": 53,
    "fields": {
        "name": "Can add django content type",
        "content_type": 14,
        "codename": "add_djangocontenttype"
    }
},
{
    "model": "smupapp.authpermission",
    "pk": 54,
    "fields": {
        "name": "Can change django content type",
        "content_type": 14,
        "codename": "change_djangocontenttype"
    }
},
{
    "model": "smupapp.authpermission",
    "pk": 55,
    "fields": {
        "name": "Can delete django content type",
        "content_type": 14,
        "codename": "delete_djangocontenttype"
    }
},
{
    "model": "smupapp.authpermission",
    "pk": 56,
    "fields": {
        "name": "Can view django content type",
        "content_type": 14,
        "codename": "view_djangocontenttype"
    }
},
{
    "model": "smupapp.authpermission",
    "pk": 57,
    "fields": {
        "name": "Can add django migrations",
        "content_type": 15,
        "codename": "add_djangomigrations"
    }
},
{
    "model": "smupapp.authpermission",
    "pk": 58,
    "fields": {
        "name": "Can change django migrations",
        "content_type": 15,
        "codename": "change_djangomigrations"
    }
},
{
    "model": "smupapp.authpermission",
    "pk": 59,
    "fields": {
        "name": "Can delete django migrations",
        "content_type": 15,
        "codename": "delete_djangomigrations"
    }
},
{
    "model": "smupapp.authpermission",
    "pk": 60,
    "fields": {
        "name": "Can view django migrations",
        "content_type": 15,
        "codename": "view_djangomigrations"
    }
},
{
    "model": "smupapp.authpermission",
    "pk": 61,
    "fields": {
        "name": "Can add django session",
        "content_type": 16,
        "codename": "add_djangosession"
    }
},
{
    "model": "smupapp.authpermission",
    "pk": 62,
    "fields": {
        "name": "Can change django session",
        "content_type": 16,
        "codename": "change_djangosession"
    }
},
{
    "model": "smupapp.authpermission",
    "pk": 63,
    "fields": {
        "name": "Can delete django session",
        "content_type": 16,
        "codename": "delete_djangosession"
    }
},
{
    "model": "smupapp.authpermission",
    "pk": 64,
    "fields": {
        "name": "Can view django session",
        "content_type": 16,
        "codename": "view_djangosession"
    }
},
{
    "model": "smupapp.authpermission",
    "pk": 65,
    "fields": {
        "name": "Can add data type",
        "content_type": 17,
        "codename": "add_datatype"
    }
},
{
    "model": "smupapp.authpermission",
    "pk": 66,
    "fields": {
        "name": "Can change data type",
        "content_type": 17,
        "codename": "change_datatype"
    }
},
{
    "model": "smupapp.authpermission",
    "pk": 67,
    "fields": {
        "name": "Can delete data type",
        "content_type": 17,
        "codename": "delete_datatype"
    }
},
{
    "model": "smupapp.authpermission",
    "pk": 68,
    "fields": {
        "name": "Can view data type",
        "content_type": 17,
        "codename": "view_datatype"
    }
},
{
    "model": "smupapp.authpermission",
    "pk": 69,
    "fields": {
        "name": "Can add employee",
        "content_type": 18,
        "codename": "add_employee"
    }
},
{
    "model": "smupapp.authpermission",
    "pk": 70,
    "fields": {
        "name": "Can change employee",
        "content_type": 18,
        "codename": "change_employee"
    }
},
{
    "model": "smupapp.authpermission",
    "pk": 71,
    "fields": {
        "name": "Can delete employee",
        "content_type": 18,
        "codename": "delete_employee"
    }
},
{
    "model": "smupapp.authpermission",
    "pk": 72,
    "fields": {
        "name": "Can view employee",
        "content_type": 18,
        "codename": "view_employee"
    }
},
{
    "model": "smupapp.authpermission",
    "pk": 73,
    "fields": {
        "name": "Can add employeetype",
        "content_type": 19,
        "codename": "add_employeetype"
    }
},
{
    "model": "smupapp.authpermission",
    "pk": 74,
    "fields": {
        "name": "Can change employeetype",
        "content_type": 19,
        "codename": "change_employeetype"
    }
},
{
    "model": "smupapp.authpermission",
    "pk": 75,
    "fields": {
        "name": "Can delete employeetype",
        "content_type": 19,
        "codename": "delete_employeetype"
    }
},
{
    "model": "smupapp.authpermission",
    "pk": 76,
    "fields": {
        "name": "Can view employeetype",
        "content_type": 19,
        "codename": "view_employeetype"
    }
},
{
    "model": "smupapp.authpermission",
    "pk": 77,
    "fields": {
        "name": "Can add process",
        "content_type": 20,
        "codename": "add_process"
    }
},
{
    "model": "smupapp.authpermission",
    "pk": 78,
    "fields": {
        "name": "Can change process",
        "content_type": 20,
        "codename": "change_process"
    }
},
{
    "model": "smupapp.authpermission",
    "pk": 79,
    "fields": {
        "name": "Can delete process",
        "content_type": 20,
        "codename": "delete_process"
    }
},
{
    "model": "smupapp.authpermission",
    "pk": 80,
    "fields": {
        "name": "Can view process",
        "content_type": 20,
        "codename": "view_process"
    }
},
{
    "model": "smupapp.authpermission",
    "pk": 81,
    "fields": {
        "name": "Can add rule",
        "content_type": 21,
        "codename": "add_rule"
    }
},
{
    "model": "smupapp.authpermission",
    "pk": 82,
    "fields": {
        "name": "Can change rule",
        "content_type": 21,
        "codename": "change_rule"
    }
},
{
    "model": "smupapp.authpermission",
    "pk": 83,
    "fields": {
        "name": "Can delete rule",
        "content_type": 21,
        "codename": "delete_rule"
    }
},
{
    "model": "smupapp.authpermission",
    "pk": 84,
    "fields": {
        "name": "Can view rule",
        "content_type": 21,
        "codename": "view_rule"
    }
},
{
    "model": "smupapp.authpermission",
    "pk": 85,
    "fields": {
        "name": "Can add time range",
        "content_type": 22,
        "codename": "add_timerange"
    }
},
{
    "model": "smupapp.authpermission",
    "pk": 86,
    "fields": {
        "name": "Can change time range",
        "content_type": 22,
        "codename": "change_timerange"
    }
},
{
    "model": "smupapp.authpermission",
    "pk": 87,
    "fields": {
        "name": "Can delete time range",
        "content_type": 22,
        "codename": "delete_timerange"
    }
},
{
    "model": "smupapp.authpermission",
    "pk": 88,
    "fields": {
        "name": "Can view time range",
        "content_type": 22,
        "codename": "view_timerange"
    }
},
{
    "model": "smupapp.authpermission",
    "pk": 89,
    "fields": {
        "name": "Can add unit",
        "content_type": 23,
        "codename": "add_unit"
    }
},
{
    "model": "smupapp.authpermission",
    "pk": 90,
    "fields": {
        "name": "Can change unit",
        "content_type": 23,
        "codename": "change_unit"
    }
},
{
    "model": "smupapp.authpermission",
    "pk": 91,
    "fields": {
        "name": "Can delete unit",
        "content_type": 23,
        "codename": "delete_unit"
    }
},
{
    "model": "smupapp.authpermission",
    "pk": 92,
    "fields": {
        "name": "Can view unit",
        "content_type": 23,
        "codename": "view_unit"
    }
},
{
    "model": "smupapp.authpermission",
    "pk": 93,
    "fields": {
        "name": "Can add rule has process",
        "content_type": 24,
        "codename": "add_rulehasprocess"
    }
},
{
    "model": "smupapp.authpermission",
    "pk": 94,
    "fields": {
        "name": "Can change rule has process",
        "content_type": 24,
        "codename": "change_rulehasprocess"
    }
},
{
    "model": "smupapp.authpermission",
    "pk": 95,
    "fields": {
        "name": "Can delete rule has process",
        "content_type": 24,
        "codename": "delete_rulehasprocess"
    }
},
{
    "model": "smupapp.authpermission",
    "pk": 96,
    "fields": {
        "name": "Can view rule has process",
        "content_type": 24,
        "codename": "view_rulehasprocess"
    }
},
{
    "model": "smupapp.authpermission",
    "pk": 97,
    "fields": {
        "name": "Can add rule has employee",
        "content_type": 25,
        "codename": "add_rulehasemployee"
    }
},
{
    "model": "smupapp.authpermission",
    "pk": 98,
    "fields": {
        "name": "Can change rule has employee",
        "content_type": 25,
        "codename": "change_rulehasemployee"
    }
},
{
    "model": "smupapp.authpermission",
    "pk": 99,
    "fields": {
        "name": "Can delete rule has employee",
        "content_type": 25,
        "codename": "delete_rulehasemployee"
    }
},
{
    "model": "smupapp.authpermission",
    "pk": 100,
    "fields": {
        "name": "Can view rule has employee",
        "content_type": 25,
        "codename": "view_rulehasemployee"
    }
},
{
    "model": "smupapp.authpermission",
    "pk": 101,
    "fields": {
        "name": "Can add activity",
        "content_type": 26,
        "codename": "add_activity"
    }
},
{
    "model": "smupapp.authpermission",
    "pk": 102,
    "fields": {
        "name": "Can change activity",
        "content_type": 26,
        "codename": "change_activity"
    }
},
{
    "model": "smupapp.authpermission",
    "pk": 103,
    "fields": {
        "name": "Can delete activity",
        "content_type": 26,
        "codename": "delete_activity"
    }
},
{
    "model": "smupapp.authpermission",
    "pk": 104,
    "fields": {
        "name": "Can view activity",
        "content_type": 26,
        "codename": "view_activity"
    }
},
{
    "model": "smupapp.authpermission",
    "pk": 105,
    "fields": {
        "name": "Can add django migr1ions",
        "content_type": 27,
        "codename": "add_djangomigr1ions"
    }
},
{
    "model": "smupapp.authpermission",
    "pk": 106,
    "fields": {
        "name": "Can change django migr1ions",
        "content_type": 27,
        "codename": "change_djangomigr1ions"
    }
},
{
    "model": "smupapp.authpermission",
    "pk": 107,
    "fields": {
        "name": "Can delete django migr1ions",
        "content_type": 27,
        "codename": "delete_djangomigr1ions"
    }
},
{
    "model": "smupapp.authpermission",
    "pk": 108,
    "fields": {
        "name": "Can view django migr1ions",
        "content_type": 27,
        "codename": "view_djangomigr1ions"
    }
},
{
    "model": "smupapp.authuser",
    "pk": 2,
    "fields": {
        "password": "pbkdf2_sha256$320000$79Ai74sL9lXpfEX6KiDpH7$UVEdqJNJvJAYo1T5ufIIHYvXePHQt/ZtCVvrvDmAv9M=",
        "last_login": "2022-04-26T06:57:56.340Z",
        "is_superuser": true,
        "username": "admin",
        "first_name": "",
        "last_name": "",
        "email": "user@email.com",
        "is_staff": true,
        "is_active": true,
        "date_joined": "2022-01-21T14:57:37Z"
    }
},
{
    "model": "smupapp.authuser",
    "pk": 3,
    "fields": {
        "password": "pbkdf2_sha256$320000$zGMlKU2zkKBqovK2ljtK4O$MAlBJG+bQ4zo3ER697pMA8xo8rlQ5HqvnjBX3AEpNVA=",
        "last_login": "2022-04-22T09:04:36.337Z",
        "is_superuser": false,
        "username": "mInglot",
        "first_name": "",
        "last_name": "",
        "email": "mInglot",
        "is_staff": false,
        "is_active": true,
        "date_joined": "2022-01-21T15:28:49.833Z"
    }
},
{
    "model": "smupapp.authuser",
    "pk": 6,
    "fields": {
        "password": "pbkdf2_sha256$320000$GhToIZWTjrX9ndOAfVexn7$KcYygZeX1Ukwrj/u9aHxQwHbLRJqNINu/jU6+9PFkyo=",
        "last_login": "2022-04-26T06:58:13.513Z",
        "is_superuser": false,
        "username": "pwozniak",
        "first_name": "",
        "last_name": "",
        "email": "pwozniak",
        "is_staff": false,
        "is_active": true,
        "date_joined": "2022-02-10T20:24:38.758Z"
    }
},
{
    "model": "smupapp.authuser",
    "pk": 7,
    "fields": {
        "password": "pbkdf2_sha256$320000$fwPOTDxCoqCYpA30GyPvfT$g1F63nUggHxEHiVpb4Ms40V7q1L9HdPP2tcIzSdjSh0=",
        "last_login": "2022-03-11T15:59:46.188Z",
        "is_superuser": false,
        "username": "administrator",
        "first_name": "",
        "last_name": "",
        "email": "admin995",
        "is_staff": false,
        "is_active": true,
        "date_joined": "2022-03-03T16:04:43.834Z"
    }
},
{
    "model": "smupapp.authuser",
    "pk": 8,
    "fields": {
        "password": "pbkdf2_sha256$320000$nKR0n5zJnDm2tzmBKaESck$t2ZlZJn78wRqLSK9oLaPe2bBvi19n7D09ooUNvfeB0c=",
        "last_login": "2022-03-22T11:20:37.617Z",
        "is_superuser": false,
        "username": "Pracownik1",
        "first_name": "",
        "last_name": "",
        "email": "Pracownik1",
        "is_staff": false,
        "is_active": true,
        "date_joined": "2022-03-11T13:52:37.454Z"
    }
},
{
    "model": "smupapp.authuser",
    "pk": 9,
    "fields": {
        "password": "pbkdf2_sha256$320000$7tRyNIkitl9yqNwH1JaoLJ$Y7EZS4G9L+5TB/R5YbVnigjT95IgRvjNaJTvgvvyu20=",
        "last_login": null,
        "is_superuser": false,
        "username": "Pracownik2",
        "first_name": "",
        "last_name": "",
        "email": "Pracownik2",
        "is_staff": false,
        "is_active": true,
        "date_joined": "2022-03-11T13:53:59.293Z"
    }
},
{
    "model": "smupapp.authuser",
    "pk": 10,
    "fields": {
        "password": "pbkdf2_sha256$320000$iLSxll6nezyvJCdHOhYMNJ$1/r2U/nLJtNsg9eoyZf7GOA1Mtb9v5S1StE7PW2aGqA=",
        "last_login": null,
        "is_superuser": false,
        "username": "Pracownik3",
        "first_name": "",
        "last_name": "",
        "email": "Pracownik3",
        "is_staff": false,
        "is_active": true,
        "date_joined": "2022-03-11T13:54:55.242Z"
    }
},
{
    "model": "smupapp.authuser",
    "pk": 11,
    "fields": {
        "password": "pbkdf2_sha256$320000$wKSOJJYyUTEnxXraELQAl8$rRD5lZ+etaC6RYFYcZU7PwDCy8Eq/1U7fjshe53Dq20=",
        "last_login": null,
        "is_superuser": false,
        "username": "Pracownik4",
        "first_name": "",
        "last_name": "",
        "email": "Pracownik4",
        "is_staff": false,
        "is_active": true,
        "date_joined": "2022-03-11T13:55:42.548Z"
    }
},
{
    "model": "smupapp.authuser",
    "pk": 12,
    "fields": {
        "password": "pbkdf2_sha256$320000$ohMUIkCQSCCcjDaJDhSwSH$mLnpIxLHyHSuWscWliHzvUVgtPtubYKuZTMSEuICYhc=",
        "last_login": null,
        "is_superuser": false,
        "username": "Pracownik5",
        "first_name": "",
        "last_name": "",
        "email": "Pracownik5",
        "is_staff": false,
        "is_active": true,
        "date_joined": "2022-03-11T13:56:37.923Z"
    }
},
{
    "model": "smupapp.authuser",
    "pk": 13,
    "fields": {
        "password": "pbkdf2_sha256$320000$ynqUJbS6zWp4JnYvH7SLYq$6vLo6xtIakcsvs6Bo/WHIsaScwIsBOa5Y9+T3OdaIKA=",
        "last_login": null,
        "is_superuser": false,
        "username": "Pracownik6",
        "first_name": "",
        "last_name": "",
        "email": "Pracownik6",
        "is_staff": false,
        "is_active": true,
        "date_joined": "2022-03-11T13:58:56.730Z"
    }
},
{
    "model": "smupapp.authuser",
    "pk": 14,
    "fields": {
        "password": "pbkdf2_sha256$320000$vt3se962UJs4koNlJytkIb$Q2QyfuMtGtZXS13grFCk3hHdcIAPAkRG7uYxTuOO4UQ=",
        "last_login": null,
        "is_superuser": false,
        "username": "Pracownik7",
        "first_name": "",
        "last_name": "",
        "email": "Pracownik7",
        "is_staff": false,
        "is_active": true,
        "date_joined": "2022-03-11T13:59:44.779Z"
    }
},
{
    "model": "smupapp.authuser",
    "pk": 15,
    "fields": {
        "password": "pbkdf2_sha256$320000$rTkTjOVBMKf2zZ1ZwqRfye$niZHAn0qT9V4Iq4OCe+YiRuOiwnUu+OERIbmkQb8WPw=",
        "last_login": null,
        "is_superuser": false,
        "username": "Pracownik8",
        "first_name": "",
        "last_name": "",
        "email": "Pracownik8",
        "is_staff": false,
        "is_active": true,
        "date_joined": "2022-03-11T14:00:19.284Z"
    }
},
{
    "model": "smupapp.authuser",
    "pk": 16,
    "fields": {
        "password": "pbkdf2_sha256$320000$YFTbWbGuhYrCJloGTXUMM7$Ejjzyw7ofijUt1Uexckc57DmGNIg5KQXI+6rCa4qYiU=",
        "last_login": null,
        "is_superuser": false,
        "username": "Pracownik9",
        "first_name": "",
        "last_name": "",
        "email": "Pracownik9",
        "is_staff": false,
        "is_active": true,
        "date_joined": "2022-03-11T14:01:42.911Z"
    }
},
{
    "model": "smupapp.authuser",
    "pk": 17,
    "fields": {
        "password": "pbkdf2_sha256$320000$hFHTpJ5zWIjsRWokaKEshg$/XUw8PrXTYVfOLeLCswRW4k6YkgE01WjM2nRXzr5vaA=",
        "last_login": null,
        "is_superuser": false,
        "username": "Pracownik10",
        "first_name": "",
        "last_name": "",
        "email": "Pracownik10",
        "is_staff": false,
        "is_active": true,
        "date_joined": "2022-03-11T14:02:52.320Z"
    }
},
{
    "model": "smupapp.authuser",
    "pk": 18,
    "fields": {
        "password": "pbkdf2_sha256$320000$zdZU1Pj16k80NnYtdz7O3s$IDBixTCrbBGxApBg3fkKVNRUaQjckMiTp9DY21c54+A=",
        "last_login": null,
        "is_superuser": false,
        "username": "Pracownik11",
        "first_name": "",
        "last_name": "",
        "email": "Pracownik11",
        "is_staff": false,
        "is_active": true,
        "date_joined": "2022-03-11T14:04:57.858Z"
    }
},
{
    "model": "smupapp.authuser",
    "pk": 19,
    "fields": {
        "password": "pbkdf2_sha256$320000$h1Js7PPbqfRAWWH54Ep1Qp$FVkFQWEbaJapP0Fl4vStrCPrhPfHxdav0HIaUA0snFA=",
        "last_login": null,
        "is_superuser": false,
        "username": "Pracownik12",
        "first_name": "",
        "last_name": "",
        "email": "Pracownik12",
        "is_staff": false,
        "is_active": true,
        "date_joined": "2022-03-11T14:06:07.651Z"
    }
},
{
    "model": "smupapp.authuser",
    "pk": 20,
    "fields": {
        "password": "pbkdf2_sha256$320000$HjP9cTAqs5pKiTSDQfOQ6W$9nGtVsN9glOnsg0CZHEzhYY7a1muSrxjxK68wZsee9k=",
        "last_login": null,
        "is_superuser": false,
        "username": "Pracownik13",
        "first_name": "",
        "last_name": "",
        "email": "Pracownik13",
        "is_staff": false,
        "is_active": true,
        "date_joined": "2022-03-11T14:07:05.050Z"
    }
},
{
    "model": "smupapp.authuser",
    "pk": 21,
    "fields": {
        "password": "pbkdf2_sha256$320000$qw7LODz7pWOBmfPE5BVSIN$4yrdZZlg0QL/AtCsCODqxA0srzfGMP54O8MfvF6Sh9E=",
        "last_login": null,
        "is_superuser": false,
        "username": "Pracownik14",
        "first_name": "",
        "last_name": "",
        "email": "Pracownik14",
        "is_staff": false,
        "is_active": true,
        "date_joined": "2022-03-11T15:23:42.851Z"
    }
},
{
    "model": "smupapp.authuser",
    "pk": 22,
    "fields": {
        "password": "pbkdf2_sha256$320000$42igsEycgrW7J9h6keWp52$F1UnxtPhVnoGNSYhGwNmUCA0BqeEyDivClr0B/dcV94=",
        "last_login": null,
        "is_superuser": false,
        "username": "Pracownik15",
        "first_name": "",
        "last_name": "",
        "email": "Pracownik15",
        "is_staff": false,
        "is_active": true,
        "date_joined": "2022-03-11T15:24:21.979Z"
    }
},
{
    "model": "smupapp.authuser",
    "pk": 23,
    "fields": {
        "password": "pbkdf2_sha256$320000$C2k1kb0JywoHyvgtrUFNNN$kyK0fK56rZ7jU3tFo+Qcg6k3iVSRC3eoYNftbvLZvuE=",
        "last_login": null,
        "is_superuser": false,
        "username": "Pracownik16",
        "first_name": "",
        "last_name": "",
        "email": "Pracownik16",
        "is_staff": false,
        "is_active": true,
        "date_joined": "2022-03-11T15:30:02.084Z"
    }
},
{
    "model": "smupapp.authuser",
    "pk": 24,
    "fields": {
        "password": "pbkdf2_sha256$320000$yJHjPH21V3jplpbMaoDXPR$yviMgQ0JlLyCXNaGhzZXQBJq6KCzqvlBe3J2dLOtfVI=",
        "last_login": null,
        "is_superuser": false,
        "username": "Pracownik17",
        "first_name": "",
        "last_name": "",
        "email": "Pracownik17",
        "is_staff": false,
        "is_active": true,
        "date_joined": "2022-03-11T15:30:42.354Z"
    }
},
{
    "model": "smupapp.authuser",
    "pk": 25,
    "fields": {
        "password": "pbkdf2_sha256$320000$M2DFKIgIoIrfOPXa2gQlMv$Dv25CdO8wPrJJ529WT49E4JyeMLdQpxlR67WHIdh6J0=",
        "last_login": null,
        "is_superuser": false,
        "username": "Pracownik18",
        "first_name": "",
        "last_name": "",
        "email": "Pracownik18",
        "is_staff": false,
        "is_active": true,
        "date_joined": "2022-03-11T15:31:38.799Z"
    }
},
{
    "model": "smupapp.authuser",
    "pk": 26,
    "fields": {
        "password": "pbkdf2_sha256$320000$9Ax3z2DPHtEP9fZSKfwg2R$L/LldW1Fo1OKbC90MlBt9BibnCHFTApNuqJLh9gHAj8=",
        "last_login": null,
        "is_superuser": false,
        "username": "Pracownik19",
        "first_name": "",
        "last_name": "",
        "email": "Pracownik19",
        "is_staff": false,
        "is_active": true,
        "date_joined": "2022-03-11T15:32:16.837Z"
    }
},
{
    "model": "smupapp.authuser",
    "pk": 27,
    "fields": {
        "password": "pbkdf2_sha256$320000$hnNCD8JessRjfS9r4jzl6p$gfbZ5rbZZVseHP5qSdHHNg6tR085N4eXBCvOo30Zgi4=",
        "last_login": null,
        "is_superuser": false,
        "username": "Pracownik20",
        "first_name": "",
        "last_name": "",
        "email": "Pracownik20",
        "is_staff": false,
        "is_active": true,
        "date_joined": "2022-03-11T15:33:28.626Z"
    }
},
{
    "model": "smupapp.authuser",
    "pk": 28,
    "fields": {
        "password": "pbkdf2_sha256$320000$Q1d0zYp7HgJGfGTxh4FAKa$h3tQiPEdejIaxijMA8TqxC57N+9QGJIjsPzX0JTylFs=",
        "last_login": "2022-03-22T11:23:59.803Z",
        "is_superuser": false,
        "username": "jolantaj",
        "first_name": "",
        "last_name": "",
        "email": "jolantaj",
        "is_staff": false,
        "is_active": true,
        "date_joined": "2022-03-11T15:51:53.507Z"
    }
},
{
    "model": "smupapp.authuser",
    "pk": 29,
    "fields": {
        "password": "pbkdf2_sha256$320000$J4SK1NExhYsXOGItPnnNOb$Fdon7bc/9LgW6GwV7I5/v3NXt6zkLLchsRZkfzF4gi8=",
        "last_login": null,
        "is_superuser": false,
        "username": "marcinp",
        "first_name": "",
        "last_name": "",
        "email": "marcinp",
        "is_staff": false,
        "is_active": true,
        "date_joined": "2022-03-11T15:53:28.326Z"
    }
},
{
    "model": "smupapp.datatype",
    "pk": 1,
    "fields": {
        "name": "Aktywno (godz.)"
    }
},
{
    "model": "smupapp.datatype",
    "pk": 2,
    "fields": {
        "name": "Sprawa (ilo)"
    }
},
{
    "model": "smupapp.djangoadminlog",
    "pk": 1,
    "fields": {
        "action_time": "2022-01-22T23:48:16.768Z",
        "object_id": "3",
        "object_repr": "TimeRange object (3)",
        "action_flag": 2,
        "change_message": "[{\"changed\": {\"fields\": [\"Name\"]}}]",
        "content_type": 22,
        "user": 2
    }
},
{
    "model": "smupapp.djangoadminlog",
    "pk": 2,
    "fields": {
        "action_time": "2022-01-22T23:48:23.169Z",
        "object_id": "2",
        "object_repr": "TimeRange object (2)",
        "action_flag": 2,
        "change_message": "[{\"changed\": {\"fields\": [\"Name\"]}}]",
        "content_type": 22,
        "user": 2
    }
},
{
    "model": "smupapp.djangoadminlog",
    "pk": 3,
    "fields": {
        "action_time": "2022-01-22T23:48:28.680Z",
        "object_id": "1",
        "object_repr": "TimeRange object (1)",
        "action_flag": 2,
        "change_message": "[{\"changed\": {\"fields\": [\"Name\"]}}]",
        "content_type": 22,
        "user": 2
    }
},
{
    "model": "smupapp.djangoadminlog",
    "pk": 4,
    "fields": {
        "action_time": "2022-01-22T23:48:36.361Z",
        "object_id": "2",
        "object_repr": "DataType object (2)",
        "action_flag": 2,
        "change_message": "[{\"changed\": {\"fields\": [\"Name\"]}}]",
        "content_type": 17,
        "user": 2
    }
},
{
    "model": "smupapp.djangoadminlog",
    "pk": 5,
    "fields": {
        "action_time": "2022-01-22T23:48:43.743Z",
        "object_id": "1",
        "object_repr": "DataType object (1)",
        "action_flag": 2,
        "change_message": "[{\"changed\": {\"fields\": [\"Name\"]}}]",
        "content_type": 17,
        "user": 2
    }
},
{
    "model": "smupapp.djangoadminlog",
    "pk": 6,
    "fields": {
        "action_time": "2022-02-10T20:25:09.506Z",
        "object_id": "4",
        "object_repr": "Employee object (4)",
        "action_flag": 2,
        "change_message": "[{\"changed\": {\"fields\": [\"Id employeetype\"]}}]",
        "content_type": 18,
        "user": 2
    }
},
{
    "model": "smupapp.djangoadminlog",
    "pk": 7,
    "fields": {
        "action_time": "2022-03-11T17:51:32.823Z",
        "object_id": "3",
        "object_repr": "TimeRange object (3)",
        "action_flag": 2,
        "change_message": "[{\"changed\": {\"fields\": [\"Name\"]}}]",
        "content_type": 22,
        "user": 2
    }
},
{
    "model": "smupapp.djangoadminlog",
    "pk": 8,
    "fields": {
        "action_time": "2022-03-11T17:51:40.577Z",
        "object_id": "2",
        "object_repr": "TimeRange object (2)",
        "action_flag": 2,
        "change_message": "[{\"changed\": {\"fields\": [\"Name\"]}}]",
        "content_type": 22,
        "user": 2
    }
},
{
    "model": "smupapp.djangoadminlog",
    "pk": 9,
    "fields": {
        "action_time": "2022-03-11T17:51:47.073Z",
        "object_id": "1",
        "object_repr": "TimeRange object (1)",
        "action_flag": 2,
        "change_message": "[{\"changed\": {\"fields\": [\"Name\"]}}]",
        "content_type": 22,
        "user": 2
    }
},
{
    "model": "smupapp.djangoadminlog",
    "pk": 10,
    "fields": {
        "action_time": "2022-03-11T17:51:58.106Z",
        "object_id": "2",
        "object_repr": "DataType object (2)",
        "action_flag": 2,
        "change_message": "[{\"changed\": {\"fields\": [\"Name\"]}}]",
        "content_type": 17,
        "user": 2
    }
},
{
    "model": "smupapp.djangoadminlog",
    "pk": 11,
    "fields": {
        "action_time": "2022-03-11T17:52:04.974Z",
        "object_id": "1",
        "object_repr": "DataType object (1)",
        "action_flag": 2,
        "change_message": "[{\"changed\": {\"fields\": [\"Name\"]}}]",
        "content_type": 17,
        "user": 2
    }
},
{
    "model": "smupapp.djangocontenttype",
    "pk": 1,
    "fields": {
        "app_label": "admin",
        "model": "logentry"
    }
},
{
    "model": "smupapp.djangocontenttype",
    "pk": 2,
    "fields": {
        "app_label": "auth",
        "model": "permission"
    }
},
{
    "model": "smupapp.djangocontenttype",
    "pk": 3,
    "fields": {
        "app_label": "auth",
        "model": "group"
    }
},
{
    "model": "smupapp.djangocontenttype",
    "pk": 4,
    "fields": {
        "app_label": "auth",
        "model": "user"
    }
},
{
    "model": "smupapp.djangocontenttype",
    "pk": 5,
    "fields": {
        "app_label": "contenttypes",
        "model": "contenttype"
    }
},
{
    "model": "smupapp.djangocontenttype",
    "pk": 6,
    "fields": {
        "app_label": "sessions",
        "model": "session"
    }
},
{
    "model": "smupapp.djangocontenttype",
    "pk": 7,
    "fields": {
        "app_label": "smupapp",
        "model": "authgroup"
    }
},
{
    "model": "smupapp.djangocontenttype",
    "pk": 8,
    "fields": {
        "app_label": "smupapp",
        "model": "authgrouppermissions"
    }
},
{
    "model": "smupapp.djangocontenttype",
    "pk": 9,
    "fields": {
        "app_label": "smupapp",
        "model": "authpermission"
    }
},
{
    "model": "smupapp.djangocontenttype",
    "pk": 10,
    "fields": {
        "app_label": "smupapp",
        "model": "authuser"
    }
},
{
    "model": "smupapp.djangocontenttype",
    "pk": 11,
    "fields": {
        "app_label": "smupapp",
        "model": "authusergroups"
    }
},
{
    "model": "smupapp.djangocontenttype",
    "pk": 12,
    "fields": {
        "app_label": "smupapp",
        "model": "authuseruserpermissions"
    }
},
{
    "model": "smupapp.djangocontenttype",
    "pk": 13,
    "fields": {
        "app_label": "smupapp",
        "model": "djangoadminlog"
    }
},
{
    "model": "smupapp.djangocontenttype",
    "pk": 14,
    "fields": {
        "app_label": "smupapp",
        "model": "djangocontenttype"
    }
},
{
    "model": "smupapp.djangocontenttype",
    "pk": 15,
    "fields": {
        "app_label": "smupapp",
        "model": "djangomigrations"
    }
},
{
    "model": "smupapp.djangocontenttype",
    "pk": 16,
    "fields": {
        "app_label": "smupapp",
        "model": "djangosession"
    }
},
{
    "model": "smupapp.djangocontenttype",
    "pk": 17,
    "fields": {
        "app_label": "smupapp",
        "model": "datatype"
    }
},
{
    "model": "smupapp.djangocontenttype",
    "pk": 18,
    "fields": {
        "app_label": "smupapp",
        "model": "employee"
    }
},
{
    "model": "smupapp.djangocontenttype",
    "pk": 19,
    "fields": {
        "app_label": "smupapp",
        "model": "employeetype"
    }
},
{
    "model": "smupapp.djangocontenttype",
    "pk": 20,
    "fields": {
        "app_label": "smupapp",
        "model": "process"
    }
},
{
    "model": "smupapp.djangocontenttype",
    "pk": 21,
    "fields": {
        "app_label": "smupapp",
        "model": "rule"
    }
},
{
    "model": "smupapp.djangocontenttype",
    "pk": 22,
    "fields": {
        "app_label": "smupapp",
        "model": "timerange"
    }
},
{
    "model": "smupapp.djangocontenttype",
    "pk": 23,
    "fields": {
        "app_label": "smupapp",
        "model": "unit"
    }
},
{
    "model": "smupapp.djangocontenttype",
    "pk": 24,
    "fields": {
        "app_label": "smupapp",
        "model": "rulehasprocess"
    }
},
{
    "model": "smupapp.djangocontenttype",
    "pk": 25,
    "fields": {
        "app_label": "smupapp",
        "model": "rulehasemployee"
    }
},
{
    "model": "smupapp.djangocontenttype",
    "pk": 26,
    "fields": {
        "app_label": "smupapp",
        "model": "activity"
    }
},
{
    "model": "smupapp.djangocontenttype",
    "pk": 27,
    "fields": {
        "app_label": "smupapp",
        "model": "djangomigr1ions"
    }
},
{
    "model": "smupapp.djangomigrations",
    "pk": 1,
    "fields": {
        "app": "contenttypes",
        "name": "0001_initial",
        "applied": "2022-01-22T12:50:51.543Z"
    }
},
{
    "model": "smupapp.djangomigrations",
    "pk": 2,
    "fields": {
        "app": "auth",
        "name": "0001_initial",
        "applied": "2022-01-22T12:50:55.363Z"
    }
},
{
    "model": "smupapp.djangomigrations",
    "pk": 3,
    "fields": {
        "app": "admin",
        "name": "0001_initial",
        "applied": "2022-01-22T12:50:56.483Z"
    }
},
{
    "model": "smupapp.djangomigrations",
    "pk": 4,
    "fields": {
        "app": "admin",
        "name": "0002_logentry_remove_auto_add",
        "applied": "2022-01-22T12:50:56.844Z"
    }
},
{
    "model": "smupapp.djangomigrations",
    "pk": 5,
    "fields": {
        "app": "admin",
        "name": "0003_logentry_add_action_flag_choices",
        "applied": "2022-01-22T12:50:57.324Z"
    }
},
{
    "model": "smupapp.djangomigrations",
    "pk": 6,
    "fields": {
        "app": "contenttypes",
        "name": "0002_remove_content_type_name",
        "applied": "2022-01-22T12:50:58.044Z"
    }
},
{
    "model": "smupapp.djangomigrations",
    "pk": 7,
    "fields": {
        "app": "auth",
        "name": "0002_alter_permission_name_max_length",
        "applied": "2022-01-22T12:50:58.644Z"
    }
},
{
    "model": "smupapp.djangomigrations",
    "pk": 8,
    "fields": {
        "app": "auth",
        "name": "0003_alter_user_email_max_length",
        "applied": "2022-01-22T12:50:59.244Z"
    }
},
{
    "model": "smupapp.djangomigrations",
    "pk": 9,
    "fields": {
        "app": "auth",
        "name": "0004_alter_user_username_opts",
        "applied": "2022-01-22T12:50:59.732Z"
    }
},
{
    "model": "smupapp.djangomigrations",
    "pk": 10,
    "fields": {
        "app": "auth",
        "name": "0005_alter_user_last_login_null",
        "applied": "2022-01-22T12:51:00.338Z"
    }
},
{
    "model": "smupapp.djangomigrations",
    "pk": 11,
    "fields": {
        "app": "auth",
        "name": "0006_require_contenttypes_0002",
        "applied": "2022-01-22T12:51:00.816Z"
    }
},
{
    "model": "smupapp.djangomigrations",
    "pk": 12,
    "fields": {
        "app": "auth",
        "name": "0007_alter_validators_add_error_messages",
        "applied": "2022-01-22T12:51:01.302Z"
    }
},
{
    "model": "smupapp.djangomigrations",
    "pk": 13,
    "fields": {
        "app": "auth",
        "name": "0008_alter_user_username_max_length",
        "applied": "2022-01-22T12:51:01.909Z"
    }
},
{
    "model": "smupapp.djangomigrations",
    "pk": 14,
    "fields": {
        "app": "auth",
        "name": "0009_alter_user_last_name_max_length",
        "applied": "2022-01-22T12:51:02.515Z"
    }
},
{
    "model": "smupapp.djangomigrations",
    "pk": 15,
    "fields": {
        "app": "auth",
        "name": "0010_alter_group_name_max_length",
        "applied": "2022-01-22T12:51:03.120Z"
    }
},
{
    "model": "smupapp.djangomigrations",
    "pk": 16,
    "fields": {
        "app": "auth",
        "name": "0011_update_proxy_permissions",
        "applied": "2022-01-22T12:51:03.601Z"
    }
},
{
    "model": "smupapp.djangomigrations",
    "pk": 17,
    "fields": {
        "app": "auth",
        "name": "0012_alter_user_first_name_max_length",
        "applied": "2022-01-22T12:51:04.200Z"
    }
},
{
    "model": "smupapp.djangomigrations",
    "pk": 18,
    "fields": {
        "app": "sessions",
        "name": "0001_initial",
        "applied": "2022-01-22T12:51:05.163Z"
    }
},
{
    "model": "smupapp.djangomigrations",
    "pk": 19,
    "fields": {
        "app": "smupapp",
        "name": "0001_initial",
        "applied": "2022-01-22T12:51:10.111Z"
    }
},
{
    "model": "smupapp.djangomigrations",
    "pk": 20,
    "fields": {
        "app": "smupapp",
        "name": "0002_unit_is_active",
        "applied": "2022-02-01T18:15:56.787Z"
    }
},
{
    "model": "smupapp.djangomigrations",
    "pk": 21,
    "fields": {
        "app": "smupapp",
        "name": "0003_process_order",
        "applied": "2022-02-01T18:15:57.505Z"
    }
},
{
    "model": "smupapp.djangomigrations",
    "pk": 22,
    "fields": {
        "app": "smupapp",
        "name": "0004_process_number",
        "applied": "2022-02-01T18:15:58.217Z"
    }
},
{
    "model": "smupapp.djangomigrations",
    "pk": 23,
    "fields": {
        "app": "smupapp",
        "name": "0002_djangomigr1ions_delete_djangomigrations_and_more",
        "applied": "2022-04-03T23:13:23.864Z"
    }
},
{
    "model": "smupapp.djangosession",
    "pk": "02mdilqvi7xbwmuzsadpetk1px1lebea",
    "fields": {
        "session_data": ".eJxVjEEOwiAQRe_C2pBCYaAu3XuGZoYZbNVAUtqV8e7apAvd_vfef6kRt3UatybLOLM6K6tOvxthekjZAd-x3KpOtazLTHpX9EGbvlaW5-Vw_w4mbNO3dgDeyxAoDCCShS0MYoUQKDpnUmejp-h9AMMYGAg67DKLwczY96jeH-c_OG0:1nPnl1:uU5k0U5AwPr8FZWq3H6Y8eTlWv-rTETMp2Lq1TWk03w",
        "expire_date": "2022-03-17T15:52:47.712Z"
    }
},
{
    "model": "smupapp.djangosession",
    "pk": "0lk94fuamt65h54ghk8508im5367z04p",
    "fields": {
        "session_data": ".eJxVjDEOwjAMRe-SGUVNjBLDyM4ZIru2SQG1UtNOiLtDpQ6w_vfef7lC61LL2nQug7izi-7wuzH1Dx03IHcab5Pvp3GZB_ab4nfa_HUSfV529--gUqvfGgGMGDllyQGFIRBL0i6wKkKkgMZyIussiypkMYoxHg0SApoG9_4AC-g49A:1nF1bC:-129V2qVf6_Qy36xa0HAnC8od_IZzy2q9-PSTBQsn5I",
        "expire_date": "2022-02-15T22:26:06.996Z"
    }
},
{
    "model": "smupapp.djangosession",
    "pk": "1t3uy9qc24d8eup9x2iz2iux18ks76sy",
    "fields": {
        "session_data": ".eJxVjDkOwjAUBe_iGln5XsChpOcM0d-MAyiW4qRC3B0ipYD2zcx7mQHXpQxr03kYxZyNM4ffjZAfOm1A7jjdquU6LfNIdlPsTpu9VtHnZXf_Dgq28q0DEmQvrBGj9D0GyICJtfOeT-B85MiJVDsVTxBiAkmiKYI_Zkck5v0BBMQ4sQ:1nKohV:2iI-vLoh2xxI4yChXSjaiJV3QyBnRC_RS7H88h8dn54",
        "expire_date": "2022-03-03T21:52:33.684Z"
    }
},
{
    "model": "smupapp.djangosession",
    "pk": "28loa75l1gd1t9r1h29evpxiiuyazokt",
    "fields": {
        "session_data": ".eJxVjMsKwjAQAP8lZwnb5u3Re78hZHeDqUoCTXsS_10CPeh1Zpi3iOnYSzx63uLK4iqUuPwyTPTMdQh-pHpvklrdtxXlSORpu1wa59ftbP8GJfUytpN3xBMaDcGD5pQ9o_YBwWSfgRwqS5aCIk6AOAMaAw7BBkdWuVl8vt_wN5s:1nKc5V:qVDcu-558Chf0wvYQX8rfLURpxdu0v_3WVxVZyQazCc",
        "expire_date": "2022-03-03T08:24:29.126Z"
    }
},
{
    "model": "smupapp.djangosession",
    "pk": "8j8mo3hc3vt3voa4vm9w05xrrudr2thh",
    "fields": {
        "session_data": ".eJxVjEEOwiAQRe_C2pBCYaAu3XuGZoYZbNVAUtqV8e7apAvd_vfef6kRt3UatybLOLM6K6tOvxthekjZAd-x3KpOtazLTHpX9EGbvlaW5-Vw_w4mbNO3dgDeyxAoDCCShS0MYoUQKDpnUmejp-h9AMMYGAg67DKLwczY96jeH-c_OG0:1nSjP7:NuR1N4LreopSik7Xu8PHsdYnRsrNn1Hr_Z6rjSBAByo",
        "expire_date": "2022-03-25T17:50:17.868Z"
    }
},
{
    "model": "smupapp.djangosession",
    "pk": "8yrdwd67nrn52qzvietsusqjqsxddr6r",
    "fields": {
        "session_data": ".eJxVjMsKwjAQAP8lZwnb5u3Re78hZHeDqUoCTXsS_10CPeh1Zpi3iOnYSzx63uLK4iqUuPwyTPTMdQh-pHpvklrdtxXlSORpu1wa59ftbP8GJfUytpN3xBMaDcGD5pQ9o_YBwWSfgRwqS5aCIk6AOAMaAw7BBkdWuVl8vt_wN5s:1nCKA3:YceCI-CeJpAh2nSJze_A20_C9_cq0R4U5wuvmVZiGpA",
        "expire_date": "2022-02-08T11:38:55.227Z"
    }
},
{
    "model": "smupapp.djangosession",
    "pk": "8yxo5e78x0jmjgqhx8syyaccpe1rjmcx",
    "fields": {
        "session_data": ".eJxVjMsKwjAQAP8lZwnb5u3Re78hZHeDqUoCTXsS_10CPeh1Zpi3iOnYSzx63uLK4iqUuPwyTPTMdQh-pHpvklrdtxXlSORpu1wa59ftbP8GJfUytpN3xBMaDcGD5pQ9o_YBwWSfgRwqS5aCIk6AOAMaAw7BBkdWuVl8vt_wN5s:1nhpDQ:UG3vS7eVGew01ouR0AbQNvXngolJNCvPRkuiwBFwB3U",
        "expire_date": "2022-05-06T09:04:36.351Z"
    }
},
{
    "model": "smupapp.djangosession",
    "pk": "9bi5iwaoppn618gm4ls9pxa7q7m208er",
    "fields": {
        "session_data": ".eJxVjEEOwiAQRe_C2pABAs64dO8ZCDBTqRqalHZlvLsh6UK3_7333yqmfatx77LGmdVFBXX63XIqT2kD8CO1-6LL0rZ1znoo-qBd3xaW1_Vw_w5q6nXU6A0BeLQBgNkatNkLWpsDOZYzMTM4g-STm4JjLI5EJgeWSQKQ-nwBu4k3Jg:1nSjOF:EHmogGK4N-ljGZcjEq4JtvZHtY70wBXWeO9DpvvptDk",
        "expire_date": "2022-03-25T17:49:23.457Z"
    }
},
{
    "model": "smupapp.djangosession",
    "pk": "9le6q825wzw2yr4ls0xwynobw35o88i5",
    "fields": {
        "session_data": ".eJxVjEsOwjAMBe-SNYqapE4xS_Y9Q2THDimgVupnhbg7VOoCtm9m3ssk2taatkXnNIi5GG9OvxtTfui4A7nTeJtsnsZ1Htjuij3oYvtJ9Hk93L-DSkv91uSb4KiwtNCoUylQnGBUQEaH2kGJ1AIG32EAyEVD9JyFm8h4duTM-wPwmTgJ:1nNhMG:8dgOZe4mntWZuRm7yPCSHpraZl-L1l5nPOdiX-_YrOk",
        "expire_date": "2022-03-11T20:38:32.333Z"
    }
},
{
    "model": "smupapp.djangosession",
    "pk": "a52gblycomc36vro5harvpzb5xi7b9op",
    "fields": {
        "session_data": ".eJxVjEEOwiAQRe_C2pABAs64dO8ZCDBTqRqalHZlvLsh6UK3_7333yqmfatx77LGmdVFBXX63XIqT2kD8CO1-6LL0rZ1znoo-qBd3xaW1_Vw_w5q6nXU6A0BeLQBgNkatNkLWpsDOZYzMTM4g-STm4JjLI5EJgeWSQKQ-nwBu4k3Jg:1njF9J:h-zDKDKVbafEiJVLNfoxqNSOwwNkUgKHOdApvs9VIPA",
        "expire_date": "2022-05-10T06:58:13.515Z"
    }
},
{
    "model": "smupapp.djangosession",
    "pk": "dnbu1hh3cjtmrd7lymj4yt8w95rprlv4",
    "fields": {
        "session_data": ".eJxVjEEOwiAQRe_C2pABAs64dO8ZCDBTqRqalHZlvLsh6UK3_7333yqmfatx77LGmdVFBXX63XIqT2kD8CO1-6LL0rZ1znoo-qBd3xaW1_Vw_w5q6nXU6A0BeLQBgNkatNkLWpsDOZYzMTM4g-STm4JjLI5EJgeWSQKQ-nwBu4k3Jg:1ndnn0:ppXxlmFmNPfIMgFgwoOuDhl8y2WGBLPWRilxHs4w4IQ",
        "expire_date": "2022-04-25T06:44:42.519Z"
    }
},
{
    "model": "smupapp.djangosession",
    "pk": "ehcc3yaa14qt0ap1vu4xi1mcbot8cgb7",
    "fields": {
        "session_data": ".eJxVjDsOwjAQBe_iGln-rhdK-pzB8meNA8iW4qRC3B0ipYD2zcx7MR-2tfpt0OLnzC7MsdPvFkN6UNtBvod26zz1ti5z5LvCDzr41DM9r4f7d1DDqN_aqHPROkEpEjCrWLS1QchgwKEFLVC7ROQMQEZM0pIVEnJxCEoYioK9P8mPNvc:1nShgA:jFmvdmEZNSLTKFudqKJbsMSTUpvflJ7sW0aWC0w9PsI",
        "expire_date": "2022-03-25T15:59:46.191Z"
    }
},
{
    "model": "smupapp.djangosession",
    "pk": "ffng48r2n75dihyao92r8bo51mokghmd",
    "fields": {
        "session_data": ".eJxVjEEOwiAQRe_C2pBCYaAu3XuGZoYZbNVAUtqV8e7apAvd_vfef6kRt3UatybLOLM6K6tOvxthekjZAd-x3KpOtazLTHpX9EGbvlaW5-Vw_w4mbNO3dgDeyxAoDCCShS0MYoUQKDpnUmejp-h9AMMYGAg67DKLwczY96jeH-c_OG0:1nZeA5:anRtHD4NdzLv0djI9HwNNkzs7buQg_Lbk8hd_f2xn4M",
        "expire_date": "2022-04-13T19:39:21.751Z"
    }
},
{
    "model": "smupapp.djangosession",
    "pk": "fo2ckxaagb9cbeu9tpwd8ykgpyu3upox",
    "fields": {
        "session_data": ".eJxVjMsKwjAQAP8lZwnb5u3Re78hZHeDqUoCTXsS_10CPeh1Zpi3iOnYSzx63uLK4iqUuPwyTPTMdQh-pHpvklrdtxXlSORpu1wa59ftbP8GJfUytpN3xBMaDcGD5pQ9o_YBwWSfgRwqS5aCIk6AOAMaAw7BBkdWuVl8vt_wN5s:1nLtKw:ov4hrNgxfq3QaxC_D3hAmqZEWIbuQYZGMeZC6UDHi5g",
        "expire_date": "2022-03-06T21:01:42.485Z"
    }
},
{
    "model": "smupapp.djangosession",
    "pk": "gqqui3z0gnq7bddyc3nw5vwqo3l9kw0v",
    "fields": {
        "session_data": ".eJxVjDkOwjAUBe_iGln5XsChpOcM0d-MAyiW4qRC3B0ipYD2zcx7mQHXpQxr03kYxZyNM4ffjZAfOm1A7jjdquU6LfNIdlPsTpu9VtHnZXf_Dgq28q0DEmQvrBGj9D0GyICJtfOeT-B85MiJVDsVTxBiAkmiKYI_Zkck5v0BBMQ4sQ:1nKp67:luWgu1BJ69MdljNXy1XIXJg1xtn_X1oOBqGIRU6eYAY",
        "expire_date": "2022-03-03T22:17:59.518Z"
    }
},
{
    "model": "smupapp.djangosession",
    "pk": "hfonpktl3v0hmncl27sawra9ai1chbzt",
    "fields": {
        "session_data": ".eJxVjEEOwiAQRe_C2pBCYaAu3XuGZoYZbNVAUtqV8e7apAvd_vfef6kRt3UatybLOLM6K6tOvxthekjZAd-x3KpOtazLTHpX9EGbvlaW5-Vw_w4mbNO3dgDeyxAoDCCShS0MYoUQKDpnUmejp-h9AMMYGAg67DKLwczY96jeH-c_OG0:1nb88D:E0-D6es0-FKJ1xlMGxbiD0j5K5r7x3RP_Hvj3p4P3ig",
        "expire_date": "2022-04-17T21:51:33.368Z"
    }
},
{
    "model": "smupapp.djangosession",
    "pk": "hp2qd3xg8wh3wvt433rux6m5mrfr0x98",
    "fields": {
        "session_data": ".eJxVjEEOwiAQAP_C2RAoUIpH730DWXa3UjWQlPZk_Lsh6UGvM5N5iwjHnuPReIsriatw4vLLEuCTSxf0gHKvEmvZtzXJnsjTNjlX4tftbP8GGVruWzsSWcbEC1lNk0sjDzokcBgsB3Ca0JNRDIpZoVrCwN75NFljiC2KzxcTmDj2:1nEzZD:ptElAhaWPt8yodtgl0BVbV0ydMkfUxiLR6y0SntYnfg",
        "expire_date": "2022-02-15T20:15:55.282Z"
    }
},
{
    "model": "smupapp.djangosession",
    "pk": "i1iq2guftdoef37t77s1b1ph231qagza",
    "fields": {
        "session_data": ".eJxVjDsOwjAQBe_iGll4_aekzxmsXX9wANlSnFSIu0OkFNC-mXkvFnBba9hGXsKc2IWBY6ffkTA-cttJumO7dR57W5eZ-K7wgw4-9ZSf18P9O6g46rc-W1RAwktRiodiohRgCUlFoWxUQhkAcNanJCIWrR3qbFUhqcE4KsTeH_WPN9Q:1nWccJ:dVRxZ9JmEVS4oKpCr5uXhoWGaA5Nf5JrVNkd4toDYek",
        "expire_date": "2022-04-05T11:23:59.807Z"
    }
},
{
    "model": "smupapp.djangosession",
    "pk": "ijdgoijtrb2fwtl6ekzk8g0g166f91b2",
    "fields": {
        "session_data": ".eJxVjEEOwiAQRe_C2hA6SJm6dN8zNAMzSNVAUtqV8e7apAvd_vfef6mJtjVPW5NlmlldFKjT7xYoPqTsgO9UblXHWtZlDnpX9EGbHivL83q4fweZWv7WBGcPzB7AdwbJWyDiATFJ73zfsbODSU4QGA0bScZCCDEhWmfIcVTvD8vKN6I:1nBFum:-cQc0prztzq9i7wj73yduHl_whU64u98BvV001jaEds",
        "expire_date": "2022-02-05T12:54:44.226Z"
    }
},
{
    "model": "smupapp.djangosession",
    "pk": "jdauprai9kbexi6wa3j3emwyw8stxmly",
    "fields": {
        "session_data": ".eJxVjEEOwiAQRe_C2pBCYaAu3XuGZoYZbNVAUtqV8e7apAvd_vfef6kRt3UatybLOLM6K6tOvxthekjZAd-x3KpOtazLTHpX9EGbvlaW5-Vw_w4mbNO3dgDeyxAoDCCShS0MYoUQKDpnUmejp-h9AMMYGAg67DKLwczY96jeH-c_OG0:1nb9Iv:2N0d23Dd5-mxLWNcPAnGGzLyboaGLLklvcrN-Ex5Je4",
        "expire_date": "2022-04-17T23:06:41.540Z"
    }
},
{
    "model": "smupapp.djangosession",
    "pk": "kxefjxyjtb40miw96i621y2540f8gsyv",
    "fields": {
        "session_data": ".eJxVjEEOwiAQRe_C2pBCYaAu3XuGZoYZbNVAUtqV8e7apAvd_vfef6kRt3UatybLOLM6K6tOvxthekjZAd-x3KpOtazLTHpX9EGbvlaW5-Vw_w4mbNO3dgDeyxAoDCCShS0MYoUQKDpnUmejp-h9AMMYGAg67DKLwczY96jeH-c_OG0:1nc2TD:N0qPFJqy7qJCkeQwIog7cFYBwttXoDwApiFI6MoKLqI",
        "expire_date": "2022-04-20T10:00:59.579Z"
    }
},
{
    "model": "smupapp.djangosession",
    "pk": "ldwjl0hmqx5i3fkei0gi3no7kuk3u1ta",
    "fields": {
        "session_data": ".eJxVjEEOwiAQRe_C2hA6SJm6dN8zNAMzSNVAUtqV8e7apAvd_vfef6mJtjVPW5NlmlldFKjT7xYoPqTsgO9UblXHWtZlDnpX9EGbHivL83q4fweZWv7WBGcPzB7AdwbJWyDiATFJ73zfsbODSU4QGA0bScZCCDEhWmfIcVTvD8vKN6I:1nCMlS:NQCj5WEVM3D_MwiO1r-0JTs-rUxMObYLAkv9p2O2yi8",
        "expire_date": "2022-02-08T14:25:42.946Z"
    }
},
{
    "model": "smupapp.djangosession",
    "pk": "mn0jqucgeozcck8rmqm3f1da4pe5oa6h",
    "fields": {
        "session_data": ".eJxVjMEOwiAQRP-FsyEt4Mp69N5vIAu7laqBpLQn47_bJj1o5jbvzbxVoHXJYW0yh4nVVYE6_XaR0lPKDvhB5V51qmWZp6h3RR-06aGyvG6H-3eQqeVtPRJwdD05uXD0gAidRcbOuC1nYulJyLCId2A9WvA42sTegE9C4NTnC-zcN_A:1nKisd:UdfaUuRrM-xM4SlLM1JmyABbgTh9l3pGq29UE-aY4fU",
        "expire_date": "2022-03-03T15:39:39.074Z"
    }
},
{
    "model": "smupapp.djangosession",
    "pk": "mo3agwb5lcps2wd2yuu8qp2uvf02jhxx",
    "fields": {
        "session_data": ".eJxVjDsOwjAQBe_iGln-y6ak5wzWeneNA8iR4qRC3B0ipYD2zcx7iQzb2vI2eMkTibMw4vS7FcAH9x3QHfptljj3dZmK3BV50CGvM_Hzcrh_Bw1G-9ZIZFFFlWINXoUQbUmKdS1crSenKhsMzluttIZkkABsKs5hCB69IfH-AOIFN8Y:1nPngV:npylge_uMmGzFPO66Pkpb1-dgkUHQHFpAAtMe1REs5A",
        "expire_date": "2022-03-17T15:48:07.594Z"
    }
},
{
    "model": "smupapp.djangosession",
    "pk": "qxv4g287ui0n3uu06y1gwezdhmlybcet",
    "fields": {
        "session_data": ".eJxVjEEOwiAQRe_C2pBhoAVcuvcMBIZBqoYmpV0Z765NutDtf-_9lwhxW2vYOi9hyuIsUJx-txTpwW0H-R7bbZY0t3WZktwVedAur3Pm5-Vw_w5q7PVbO8TIPIzFeQJOWSudvUVvDBjrC3FEzZacZUYAPQCS9VaPhpSGYpR4fwDavjcY:1nF1Za:2IaIhpiD0nY-ZcTvnZEBYhOkJiaGaF0oZTKe3bqvdD4",
        "expire_date": "2022-02-15T22:24:26.834Z"
    }
},
{
    "model": "smupapp.djangosession",
    "pk": "ravta1u9mskpoa80gu6dkbobb7chievt",
    "fields": {
        "session_data": ".eJxVjDsOwjAQBe_iGlmLf2so6TmDtf4sDiBbipMKcXeIlALaNzPvJQKtSw3rKHOYsjgLJQ6_W6T0KG0D-U7t1mXqbZmnKDdF7nTIa8_ledndv4NKo35rBLIetUpAOVrwjpVjoBQRsmENhg2n4rJBb2NCZKtPFsn4Es2RvBLvD-FiN9Y:1nNUxw:LLd0JWEIBb8RVC1-vnL8Ls0Jv9TB1ykf03HFIIRlsL0",
        "expire_date": "2022-03-11T07:24:36.202Z"
    }
},
{
    "model": "smupapp.djangosession",
    "pk": "s0k179n51635zuyk9x6st3fdkms2lxns",
    "fields": {
        "session_data": ".eJxVjEEOwiAQRe_C2hBmWiy4dO8ZyAwMUjU0Ke3KeHfbpAvdvvf-f6tA61LC2mQOY1IXher0y5jiU-ou0oPqfdJxqss8st4Tfdimb1OS1_Vo_w4KtbKtPbCxEBmEIqD19mxBsEfPGTpwmdGDMy4jIAxDt4FI3LEhcVkQevX5AsWAN1g:1nFM1u:KJqVqemB4zpvJFasLVvx--8YJi88PL3iYPOJ6SWKvgU",
        "expire_date": "2022-02-16T20:15:02.962Z"
    }
},
{
    "model": "smupapp.djangosession",
    "pk": "sxwb7rcyaqbqd5s8i261bwrgyvzm3z9c",
    "fields": {
        "session_data": ".eJxVjEEOwiAQRe_C2pBCYaAu3XuGZoYZbNVAUtqV8e7apAvd_vfef6kRt3UatybLOLM6K6tOvxthekjZAd-x3KpOtazLTHpX9EGbvlaW5-Vw_w4mbNO3dgDeyxAoDCCShS0MYoUQKDpnUmejp-h9AMMYGAg67DKLwczY96jeH-c_OG0:1nb811:cbR18rNqJo7oduUSnIgsIz2bOWarP5YQXI_Nog9cmhM",
        "expire_date": "2022-04-17T21:44:07.132Z"
    }
},
{
    "model": "smupapp.djangosession",
    "pk": "unseqs7ffp1reygmu5jovra1a4n4pzsa",
    "fields": {
        "session_data": ".eJxVjMsKwjAQAP8lZwnb5u3Re78hZHeDqUoCTXsS_10CPeh1Zpi3iOnYSzx63uLK4iqUuPwyTPTMdQh-pHpvklrdtxXlSORpu1wa59ftbP8GJfUytpN3xBMaDcGD5pQ9o_YBwWSfgRwqS5aCIk6AOAMaAw7BBkdWuVl8vt_wN5s:1nFB6l:YD49X1ugJNvrTIeb9gEFN-_9--lYBZl1t7gbnimb9h8",
        "expire_date": "2022-02-16T08:35:19.923Z"
    }
},
{
    "model": "smupapp.djangosession",
    "pk": "uukvn6vzqhdo6eaqdot52mwsealzinm9",
    "fields": {
        "session_data": ".eJxVjDsOwjAQBe_iGlnGWf8o6XMGa-1dcADZUpxUiLuTSCmgfTPz3iLiupS4dp7jROIirDj9bgnzk-sO6IH13mRudZmnJHdFHrTLsRG_rof7d1Cwl61O2lsMEDQM4AZlrDdK3dgERu8NJJeZwsZthmwzG-1osASaknN81iA-X7l9Nwk:1nLk4C:KqFB7R7gLEcfRatWQ77MRPR9avGUpTgTb7I_YxjkA20",
        "expire_date": "2022-03-06T11:07:48.563Z"
    }
},
{
    "model": "smupapp.djangosession",
    "pk": "vo19kevdfh6q3n9ematykjh4l8ksnxvi",
    "fields": {
        "session_data": ".eJxVjDsOwjAQBe_iGlle__BS0ucM1tpecAA5UpxUiLuTSCmgnZn33iLSutS4dp7jWMRFaHH6ZYnyk9suyoPafZJ5ass8Jrkn8rBdDlPh1_Vo_w4q9bqtUWk2N-uRLTAXdMadCSloREMbcKAsJkMBQGvtGABVhpAAvAHnrfh8AcfVNn8:1nNIXC:6oH_9rTtntwuPs73srHLP8IsA-qq63qZr4UxL7Wmisg",
        "expire_date": "2022-03-10T18:08:10.888Z"
    }
},
{
    "model": "smupapp.djangosession",
    "pk": "voliynavulr155dnagad8fkfy19t8mgh",
    "fields": {
        "session_data": ".eJxVjDsOwjAUBO_iGlmJP8kLJT1nsNb2Mw4gW4qTCnF3iJQC2p2ZfQmHbc1ua7y4OYqzUOL0u3mEB5cdxDvKrcpQy7rMXu6KPGiT1xr5eTncv4OMlr91TwB1qScdRmsRtYJiStr6iZIPg4mDQUhGkWcDWA3SDLbEhMl0o3h_APIgOGg:1nExb9:T1mDfoxleRD-hq16ckESQO7_QKh7y3OvBe4-t4KCKFI",
        "expire_date": "2022-02-15T18:09:47.307Z"
    }
},
{
    "model": "smupapp.djangosession",
    "pk": "wsb0m7r5i7uszbvuunyif8pfu7qszg5o",
    "fields": {
        "session_data": ".eJxVjEEOwiAQRe_C2hA6SJm6dN8zNAMzSNVAUtqV8e7apAvd_vfef6mJtjVPW5NlmlldFKjT7xYoPqTsgO9UblXHWtZlDnpX9EGbHivL83q4fweZWv7WBGcPzB7AdwbJWyDiATFJ73zfsbODSU4QGA0bScZCCDEhWmfIcVTvD8vKN6I:1nOoDN:3MXrC0rLjYlN7-XNeuHnz2sRf0FHy-9EGzBwqdbQGzc",
        "expire_date": "2022-03-14T22:09:57.630Z"
    }
},
{
    "model": "smupapp.employee",
    "pk": 1,
    "fields": {
        "name": "Magdalena",
        "surname": "Inglot",
        "id_unit": 1,
        "id_employeetype": 1,
        "auth_user": 3
    }
},
{
    "model": "smupapp.employee",
    "pk": 4,
    "fields": {
        "name": "Piotr",
        "surname": "W*****k",
        "id_unit": 2,
        "id_employeetype": 1,
        "auth_user": 6
    }
},
{
    "model": "smupapp.employee",
    "pk": 5,
    "fields": {
        "name": "admin",
        "surname": "XYZ",
        "id_unit": 3,
        "id_employeetype": 4,
        "auth_user": 7
    }
},
{
    "model": "smupapp.employee",
    "pk": 6,
    "fields": {
        "name": "Pracownik",
        "surname": "XYZ",
        "id_unit": 3,
        "id_employeetype": 2,
        "auth_user": 8
    }
},
{
    "model": "smupapp.employee",
    "pk": 7,
    "fields": {
        "name": "Pracownik",
        "surname": "XYZ",
        "id_unit": 3,
        "id_employeetype": 2,
        "auth_user": 9
    }
},
{
    "model": "smupapp.employee",
    "pk": 8,
    "fields": {
        "name": "Pracownik",
        "surname": "XYZ",
        "id_unit": 3,
        "id_employeetype": 2,
        "auth_user": 10
    }
},
{
    "model": "smupapp.employee",
    "pk": 9,
    "fields": {
        "name": "Pracownik",
        "surname": "XYZ",
        "id_unit": 3,
        "id_employeetype": 2,
        "auth_user": 11
    }
},
{
    "model": "smupapp.employee",
    "pk": 10,
    "fields": {
        "name": "Pracownik",
        "surname": "XYZ",
        "id_unit": 3,
        "id_employeetype": 2,
        "auth_user": 12
    }
},
{
    "model": "smupapp.employee",
    "pk": 11,
    "fields": {
        "name": "Pracownik",
        "surname": "XYZ",
        "id_unit": 3,
        "id_employeetype": 2,
        "auth_user": 13
    }
},
{
    "model": "smupapp.employee",
    "pk": 12,
    "fields": {
        "name": "Pracownik",
        "surname": "XYZ",
        "id_unit": 3,
        "id_employeetype": 2,
        "auth_user": 14
    }
},
{
    "model": "smupapp.employee",
    "pk": 13,
    "fields": {
        "name": "Pracownik",
        "surname": "XYZ",
        "id_unit": 3,
        "id_employeetype": 2,
        "auth_user": 15
    }
},
{
    "model": "smupapp.employee",
    "pk": 14,
    "fields": {
        "name": "Pracownik",
        "surname": "XYZ",
        "id_unit": 3,
        "id_employeetype": 2,
        "auth_user": 16
    }
},
{
    "model": "smupapp.employee",
    "pk": 15,
    "fields": {
        "name": "Pracownik",
        "surname": "XYZ",
        "id_unit": 3,
        "id_employeetype": 2,
        "auth_user": 17
    }
},
{
    "model": "smupapp.employee",
    "pk": 16,
    "fields": {
        "name": "Pracownik",
        "surname": "XYZ",
        "id_unit": 3,
        "id_employeetype": 2,
        "auth_user": 18
    }
},
{
    "model": "smupapp.employee",
    "pk": 17,
    "fields": {
        "name": "Pracownik",
        "surname": "XYZ",
        "id_unit": 3,
        "id_employeetype": 2,
        "auth_user": 19
    }
},
{
    "model": "smupapp.employee",
    "pk": 18,
    "fields": {
        "name": "Pracownik",
        "surname": "XYZ",
        "id_unit": 3,
        "id_employeetype": 2,
        "auth_user": 20
    }
},
{
    "model": "smupapp.employee",
    "pk": 19,
    "fields": {
        "name": "Pracownik",
        "surname": "XYZ",
        "id_unit": 3,
        "id_employeetype": 2,
        "auth_user": 21
    }
},
{
    "model": "smupapp.employee",
    "pk": 20,
    "fields": {
        "name": "Pracownik",
        "surname": "XYZ",
        "id_unit": 3,
        "id_employeetype": 2,
        "auth_user": 22
    }
},
{
    "model": "smupapp.employee",
    "pk": 21,
    "fields": {
        "name": "Pracownik",
        "surname": "XYZ",
        "id_unit": 3,
        "id_employeetype": 2,
        "auth_user": 23
    }
},
{
    "model": "smupapp.employee",
    "pk": 22,
    "fields": {
        "name": "Pracownik",
        "surname": "XYZ",
        "id_unit": 3,
        "id_employeetype": 2,
        "auth_user": 24
    }
},
{
    "model": "smupapp.employee",
    "pk": 23,
    "fields": {
        "name": "Pracownik",
        "surname": "XYZ",
        "id_unit": 3,
        "id_employeetype": 2,
        "auth_user": 25
    }
},
{
    "model": "smupapp.employee",
    "pk": 24,
    "fields": {
        "name": "Pracownik",
        "surname": "XYZ",
        "id_unit": 3,
        "id_employeetype": 2,
        "auth_user": 26
    }
},
{
    "model": "smupapp.employee",
    "pk": 25,
    "fields": {
        "name": "Pracownik",
        "surname": "XYZ",
        "id_unit": 3,
        "id_employeetype": 2,
        "auth_user": 27
    }
},
{
    "model": "smupapp.employee",
    "pk": 26,
    "fields": {
        "name": "admin",
        "surname": "XYZ",
        "id_unit": 2,
        "id_employeetype": 4,
        "auth_user": 28
    }
},
{
    "model": "smupapp.employee",
    "pk": 27,
    "fields": {
        "name": "admin",
        "surname": "XYZ",
        "id_unit": 2,
        "id_employeetype": 4,
        "auth_user": 29
    }
},
{
    "model": "smupapp.employeetype",
    "pk": 1,
    "fields": {
        "name": "ADMIN"
    }
},
{
    "model": "smupapp.employeetype",
    "pk": 2,
    "fields": {
        "name": "USER"
    }
},
{
    "model": "smupapp.employeetype",
    "pk": 3,
    "fields": {
        "name": "MANAGER"
    }
},
{
    "model": "smupapp.employeetype",
    "pk": 4,
    "fields": {
        "name": "PROCESS MANAGER"
    }
},
{
    "model": "smupapp.process",
    "pk": 98,
    "fields": {
        "name": "Procesy zarzdcze ",
        "tip": "",
        "id_number": 1,
        "id_mainprocess": null,
        "order": 0,
        "number": "1."
    }
},
{
    "model": "smupapp.process",
    "pk": 99,
    "fields": {
        "name": "Procesy obsugowe ",
        "tip": "",
        "id_number": 2,
        "id_mainprocess": null,
        "order": 1,
        "number": "2."
    }
},
{
    "model": "smupapp.process",
    "pk": 104,
    "fields": {
        "name": "Midzynarodowe Biennale Artystycznej Tkaniny Lnianej \"Z krosna do Krosna\"",
        "tip": "",
        "id_number": 3,
        "id_mainprocess": null,
        "order": 2,
        "number": "3."
    }
},
{
    "model": "smupapp.process",
    "pk": 106,
    "fields": {
        "name": "Organizowanie oferty wydarze kulturalnych",
        "tip": "",
        "id_number": 4,
        "id_mainprocess": null,
        "order": 3,
        "number": "4."
    }
},
{
    "model": "smupapp.process",
    "pk": 107,
    "fields": {
        "name": "Sesje naukowe, konferencje, wydawnictwa",
        "tip": "",
        "id_number": 1,
        "id_mainprocess": 106,
        "order": 4,
        "number": "4.1."
    }
},
{
    "model": "smupapp.process",
    "pk": 108,
    "fields": {
        "name": "Imprezy kulturalne, koncerty, eventy, wydarzenia",
        "tip": "",
        "id_number": 2,
        "id_mainprocess": 106,
        "order": 5,
        "number": "4.2."
    }
},
{
    "model": "smupapp.process",
    "pk": 109,
    "fields": {
        "name": "Ochrona dziedzictwa kulturowego",
        "tip": "",
        "id_number": 5,
        "id_mainprocess": null,
        "order": 6,
        "number": "5."
    }
},
{
    "model": "smupapp.process",
    "pk": 110,
    "fields": {
        "name": "Miejski Konserwator Zabytkw ",
        "tip": "",
        "id_number": 1,
        "id_mainprocess": 109,
        "order": 7,
        "number": "5.1."
    }
},
{
    "model": "smupapp.process",
    "pk": 111,
    "fields": {
        "name": "Pracowania Konserwatorska Muzeum",
        "tip": "",
        "id_number": 2,
        "id_mainprocess": 109,
        "order": 8,
        "number": "5.2."
    }
},
{
    "model": "smupapp.process",
    "pk": 112,
    "fields": {
        "name": "Zakup, przechowywanie i zabezpieczanie eksponatw, archiwaliw i zbiorw bibliotecznych",
        "tip": "",
        "id_number": 3,
        "id_mainprocess": 109,
        "order": 9,
        "number": "5.3."
    }
},
{
    "model": "smupapp.process",
    "pk": 113,
    "fields": {
        "name": "Udostpnianie materialnego dziedzictwa kulturowego",
        "tip": "",
        "id_number": 6,
        "id_mainprocess": null,
        "order": 10,
        "number": "6."
    }
},
{
    "model": "smupapp.process",
    "pk": 114,
    "fields": {
        "name": "Wystawy",
        "tip": "",
        "id_number": 1,
        "id_mainprocess": 113,
        "order": 11,
        "number": "6.1."
    }
},
{
    "model": "smupapp.process",
    "pk": 115,
    "fields": {
        "name": "Pozostae usugi",
        "tip": "",
        "id_number": 7,
        "id_mainprocess": null,
        "order": 12,
        "number": "7."
    }
},
{
    "model": "smupapp.process",
    "pk": 116,
    "fields": {
        "name": "Przerwa w pracy ",
        "tip": "",
        "id_number": 8,
        "id_mainprocess": null,
        "order": 13,
        "number": "8."
    }
},
{
    "model": "smupapp.process",
    "pk": 117,
    "fields": {
        "name": "Nieobecno",
        "tip": "",
        "id_number": 9,
        "id_mainprocess": null,
        "order": 14,
        "number": "9."
    }
},
{
    "model": "smupapp.process",
    "pk": 118,
    "fields": {
        "name": "Urlop",
        "tip": "",
        "id_number": 1,
        "id_mainprocess": 117,
        "order": 15,
        "number": "9.1."
    }
},
{
    "model": "smupapp.process",
    "pk": 119,
    "fields": {
        "name": "Zwolnienie lekarskie",
        "tip": "",
        "id_number": 2,
        "id_mainprocess": 117,
        "order": 16,
        "number": "9.2."
    }
},
{
    "model": "smupapp.process",
    "pk": 120,
    "fields": {
        "name": "Delegacja",
        "tip": "",
        "id_number": 3,
        "id_mainprocess": 117,
        "order": 17,
        "number": "9.3."
    }
},
{
    "model": "smupapp.process",
    "pk": 121,
    "fields": {
        "name": "Komisja",
        "tip": "",
        "id_number": 4,
        "id_mainprocess": 117,
        "order": 18,
        "number": "9.4."
    }
},
{
    "model": "smupapp.process",
    "pk": 122,
    "fields": {
        "name": "Inne",
        "tip": "",
        "id_number": 5,
        "id_mainprocess": 117,
        "order": 19,
        "number": "9.5."
    }
},
{
    "model": "smupapp.rule",
    "pk": 3,
    "fields": {
        "name": "Czas pracy",
        "max_value": null,
        "time_from": "2022-03-13",
        "time_to": "2032-03-13",
        "time_range": 1,
        "data_type": 1,
        "is_active": 1
    }
},
{
    "model": "smupapp.rule",
    "pk": 4,
    "fields": {
        "name": "Liczba spraw",
        "max_value": null,
        "time_from": "2022-03-13",
        "time_to": "2032-03-13",
        "time_range": 2,
        "data_type": 2,
        "is_active": 1
    }
},
{
    "model": "smupapp.rulehasemployee",
    "pk": 5,
    "fields": {
        "rule_id_rule": 3,
        "employee_id_employee": 5
    }
},
{
    "model": "smupapp.rulehasemployee",
    "pk": 6,
    "fields": {
        "rule_id_rule": 3,
        "employee_id_employee": 24
    }
},
{
    "model": "smupapp.rulehasemployee",
    "pk": 7,
    "fields": {
        "rule_id_rule": 3,
        "employee_id_employee": 23
    }
},
{
    "model": "smupapp.rulehasemployee",
    "pk": 8,
    "fields": {
        "rule_id_rule": 3,
        "employee_id_employee": 22
    }
},
{
    "model": "smupapp.rulehasemployee",
    "pk": 9,
    "fields": {
        "rule_id_rule": 3,
        "employee_id_employee": 21
    }
},
{
    "model": "smupapp.rulehasemployee",
    "pk": 10,
    "fields": {
        "rule_id_rule": 3,
        "employee_id_employee": 20
    }
},
{
    "model": "smupapp.rulehasemployee",
    "pk": 11,
    "fields": {
        "rule_id_rule": 3,
        "employee_id_employee": 19
    }
},
{
    "model": "smupapp.rulehasemployee",
    "pk": 12,
    "fields": {
        "rule_id_rule": 3,
        "employee_id_employee": 18
    }
},
{
    "model": "smupapp.rulehasemployee",
    "pk": 13,
    "fields": {
        "rule_id_rule": 3,
        "employee_id_employee": 17
    }
},
{
    "model": "smupapp.rulehasemployee",
    "pk": 14,
    "fields": {
        "rule_id_rule": 3,
        "employee_id_employee": 16
    }
},
{
    "model": "smupapp.rulehasemployee",
    "pk": 15,
    "fields": {
        "rule_id_rule": 3,
        "employee_id_employee": 25
    }
},
{
    "model": "smupapp.rulehasemployee",
    "pk": 16,
    "fields": {
        "rule_id_rule": 3,
        "employee_id_employee": 14
    }
},
{
    "model": "smupapp.rulehasemployee",
    "pk": 17,
    "fields": {
        "rule_id_rule": 3,
        "employee_id_employee": 13
    }
},
{
    "model": "smupapp.rulehasemployee",
    "pk": 18,
    "fields": {
        "rule_id_rule": 3,
        "employee_id_employee": 12
    }
},
{
    "model": "smupapp.rulehasemployee",
    "pk": 19,
    "fields": {
        "rule_id_rule": 3,
        "employee_id_employee": 11
    }
},
{
    "model": "smupapp.rulehasemployee",
    "pk": 20,
    "fields": {
        "rule_id_rule": 3,
        "employee_id_employee": 10
    }
},
{
    "model": "smupapp.rulehasemployee",
    "pk": 21,
    "fields": {
        "rule_id_rule": 3,
        "employee_id_employee": 9
    }
},
{
    "model": "smupapp.rulehasemployee",
    "pk": 22,
    "fields": {
        "rule_id_rule": 3,
        "employee_id_employee": 8
    }
},
{
    "model": "smupapp.rulehasemployee",
    "pk": 23,
    "fields": {
        "rule_id_rule": 3,
        "employee_id_employee": 7
    }
},
{
    "model": "smupapp.rulehasemployee",
    "pk": 24,
    "fields": {
        "rule_id_rule": 3,
        "employee_id_employee": 6
    }
},
{
    "model": "smupapp.rulehasemployee",
    "pk": 25,
    "fields": {
        "rule_id_rule": 3,
        "employee_id_employee": 15
    }
},
{
    "model": "smupapp.rulehasemployee",
    "pk": 26,
    "fields": {
        "rule_id_rule": 4,
        "employee_id_employee": 5
    }
},
{
    "model": "smupapp.rulehasemployee",
    "pk": 27,
    "fields": {
        "rule_id_rule": 4,
        "employee_id_employee": 24
    }
},
{
    "model": "smupapp.rulehasemployee",
    "pk": 28,
    "fields": {
        "rule_id_rule": 4,
        "employee_id_employee": 23
    }
},
{
    "model": "smupapp.rulehasemployee",
    "pk": 29,
    "fields": {
        "rule_id_rule": 4,
        "employee_id_employee": 22
    }
},
{
    "model": "smupapp.rulehasemployee",
    "pk": 30,
    "fields": {
        "rule_id_rule": 4,
        "employee_id_employee": 21
    }
},
{
    "model": "smupapp.rulehasemployee",
    "pk": 31,
    "fields": {
        "rule_id_rule": 4,
        "employee_id_employee": 20
    }
},
{
    "model": "smupapp.rulehasemployee",
    "pk": 32,
    "fields": {
        "rule_id_rule": 4,
        "employee_id_employee": 19
    }
},
{
    "model": "smupapp.rulehasemployee",
    "pk": 33,
    "fields": {
        "rule_id_rule": 4,
        "employee_id_employee": 18
    }
},
{
    "model": "smupapp.rulehasemployee",
    "pk": 34,
    "fields": {
        "rule_id_rule": 4,
        "employee_id_employee": 17
    }
},
{
    "model": "smupapp.rulehasemployee",
    "pk": 35,
    "fields": {
        "rule_id_rule": 4,
        "employee_id_employee": 16
    }
},
{
    "model": "smupapp.rulehasemployee",
    "pk": 36,
    "fields": {
        "rule_id_rule": 4,
        "employee_id_employee": 25
    }
},
{
    "model": "smupapp.rulehasemployee",
    "pk": 37,
    "fields": {
        "rule_id_rule": 4,
        "employee_id_employee": 14
    }
},
{
    "model": "smupapp.rulehasemployee",
    "pk": 38,
    "fields": {
        "rule_id_rule": 4,
        "employee_id_employee": 13
    }
},
{
    "model": "smupapp.rulehasemployee",
    "pk": 39,
    "fields": {
        "rule_id_rule": 4,
        "employee_id_employee": 12
    }
},
{
    "model": "smupapp.rulehasemployee",
    "pk": 40,
    "fields": {
        "rule_id_rule": 4,
        "employee_id_employee": 11
    }
},
{
    "model": "smupapp.rulehasemployee",
    "pk": 41,
    "fields": {
        "rule_id_rule": 4,
        "employee_id_employee": 10
    }
},
{
    "model": "smupapp.rulehasemployee",
    "pk": 42,
    "fields": {
        "rule_id_rule": 4,
        "employee_id_employee": 9
    }
},
{
    "model": "smupapp.rulehasemployee",
    "pk": 43,
    "fields": {
        "rule_id_rule": 4,
        "employee_id_employee": 8
    }
},
{
    "model": "smupapp.rulehasemployee",
    "pk": 44,
    "fields": {
        "rule_id_rule": 4,
        "employee_id_employee": 7
    }
},
{
    "model": "smupapp.rulehasemployee",
    "pk": 45,
    "fields": {
        "rule_id_rule": 4,
        "employee_id_employee": 6
    }
},
{
    "model": "smupapp.rulehasemployee",
    "pk": 46,
    "fields": {
        "rule_id_rule": 4,
        "employee_id_employee": 15
    }
},
{
    "model": "smupapp.rulehasemployee",
    "pk": 47,
    "fields": {
        "rule_id_rule": 3,
        "employee_id_employee": 4
    }
},
{
    "model": "smupapp.rulehasemployee",
    "pk": 48,
    "fields": {
        "rule_id_rule": 4,
        "employee_id_employee": 4
    }
},
{
    "model": "smupapp.rulehasprocess",
    "pk": 17,
    "fields": {
        "process_id_process": 98,
        "rule_id_rule": 3
    }
},
{
    "model": "smupapp.rulehasprocess",
    "pk": 18,
    "fields": {
        "process_id_process": 99,
        "rule_id_rule": 3
    }
},
{
    "model": "smupapp.rulehasprocess",
    "pk": 19,
    "fields": {
        "process_id_process": 104,
        "rule_id_rule": 3
    }
},
{
    "model": "smupapp.rulehasprocess",
    "pk": 20,
    "fields": {
        "process_id_process": 107,
        "rule_id_rule": 3
    }
},
{
    "model": "smupapp.rulehasprocess",
    "pk": 21,
    "fields": {
        "process_id_process": 108,
        "rule_id_rule": 3
    }
},
{
    "model": "smupapp.rulehasprocess",
    "pk": 22,
    "fields": {
        "process_id_process": 110,
        "rule_id_rule": 3
    }
},
{
    "model": "smupapp.rulehasprocess",
    "pk": 23,
    "fields": {
        "process_id_process": 111,
        "rule_id_rule": 3
    }
},
{
    "model": "smupapp.rulehasprocess",
    "pk": 24,
    "fields": {
        "process_id_process": 112,
        "rule_id_rule": 3
    }
},
{
    "model": "smupapp.rulehasprocess",
    "pk": 25,
    "fields": {
        "process_id_process": 114,
        "rule_id_rule": 3
    }
},
{
    "model": "smupapp.rulehasprocess",
    "pk": 26,
    "fields": {
        "process_id_process": 115,
        "rule_id_rule": 3
    }
},
{
    "model": "smupapp.rulehasprocess",
    "pk": 33,
    "fields": {
        "process_id_process": 116,
        "rule_id_rule": 3
    }
},
{
    "model": "smupapp.rulehasprocess",
    "pk": 34,
    "fields": {
        "process_id_process": 118,
        "rule_id_rule": 3
    }
},
{
    "model": "smupapp.rulehasprocess",
    "pk": 35,
    "fields": {
        "process_id_process": 119,
        "rule_id_rule": 3
    }
},
{
    "model": "smupapp.rulehasprocess",
    "pk": 36,
    "fields": {
        "process_id_process": 120,
        "rule_id_rule": 3
    }
},
{
    "model": "smupapp.rulehasprocess",
    "pk": 37,
    "fields": {
        "process_id_process": 121,
        "rule_id_rule": 3
    }
},
{
    "model": "smupapp.rulehasprocess",
    "pk": 38,
    "fields": {
        "process_id_process": 122,
        "rule_id_rule": 3
    }
},
{
    "model": "smupapp.rulehasprocess",
    "pk": 39,
    "fields": {
        "process_id_process": 98,
        "rule_id_rule": 4
    }
},
{
    "model": "smupapp.rulehasprocess",
    "pk": 40,
    "fields": {
        "process_id_process": 99,
        "rule_id_rule": 4
    }
},
{
    "model": "smupapp.rulehasprocess",
    "pk": 41,
    "fields": {
        "process_id_process": 104,
        "rule_id_rule": 4
    }
},
{
    "model": "smupapp.rulehasprocess",
    "pk": 42,
    "fields": {
        "process_id_process": 107,
        "rule_id_rule": 4
    }
},
{
    "model": "smupapp.rulehasprocess",
    "pk": 43,
    "fields": {
        "process_id_process": 108,
        "rule_id_rule": 4
    }
},
{
    "model": "smupapp.rulehasprocess",
    "pk": 44,
    "fields": {
        "process_id_process": 110,
        "rule_id_rule": 4
    }
},
{
    "model": "smupapp.rulehasprocess",
    "pk": 45,
    "fields": {
        "process_id_process": 111,
        "rule_id_rule": 4
    }
},
{
    "model": "smupapp.rulehasprocess",
    "pk": 46,
    "fields": {
        "process_id_process": 112,
        "rule_id_rule": 4
    }
},
{
    "model": "smupapp.rulehasprocess",
    "pk": 47,
    "fields": {
        "process_id_process": 114,
        "rule_id_rule": 4
    }
},
{
    "model": "smupapp.rulehasprocess",
    "pk": 48,
    "fields": {
        "process_id_process": 115,
        "rule_id_rule": 4
    }
},
{
    "model": "smupapp.timerange",
    "pk": 1,
    "fields": {
        "name": "Dzie"
    }
},
{
    "model": "smupapp.timerange",
    "pk": 2,
    "fields": {
        "name": "Tydzie"
    }
},
{
    "model": "smupapp.timerange",
    "pk": 3,
    "fields": {
        "name": "Miesic"
    }
},
{
    "model": "smupapp.unit",
    "pk": 1,
    "fields": {
        "name": "Test",
        "is_active": null
    }
},
{
    "model": "smupapp.unit",
    "pk": 2,
    "fields": {
        "name": "Developerzy",
        "is_active": 0
    }
},
{
    "model": "smupapp.unit",
    "pk": 3,
    "fields": {
        "name": "Muzeum Rzemiosa w Kronie",
        "is_active": null
    }
},
{
    "model": "admin.logentry",
    "pk": 1,
    "fields": {
        "action_time": "2022-01-22T23:48:16.768Z",
        "user": [
            "admin"
        ],
        "content_type": [
            "smupapp",
            "timerange"
        ],
        "object_id": "3",
        "object_repr": "TimeRange object (3)",
        "action_flag": 2,
        "change_message": "[{\"changed\": {\"fields\": [\"Name\"]}}]"
    }
},
{
    "model": "admin.logentry",
    "pk": 2,
    "fields": {
        "action_time": "2022-01-22T23:48:23.169Z",
        "user": [
            "admin"
        ],
        "content_type": [
            "smupapp",
            "timerange"
        ],
        "object_id": "2",
        "object_repr": "TimeRange object (2)",
        "action_flag": 2,
        "change_message": "[{\"changed\": {\"fields\": [\"Name\"]}}]"
    }
},
{
    "model": "admin.logentry",
    "pk": 3,
    "fields": {
        "action_time": "2022-01-22T23:48:28.680Z",
        "user": [
            "admin"
        ],
        "content_type": [
            "smupapp",
            "timerange"
        ],
        "object_id": "1",
        "object_repr": "TimeRange object (1)",
        "action_flag": 2,
        "change_message": "[{\"changed\": {\"fields\": [\"Name\"]}}]"
    }
},
{
    "model": "admin.logentry",
    "pk": 4,
    "fields": {
        "action_time": "2022-01-22T23:48:36.361Z",
        "user": [
            "admin"
        ],
        "content_type": [
            "smupapp",
            "datatype"
        ],
        "object_id": "2",
        "object_repr": "DataType object (2)",
        "action_flag": 2,
        "change_message": "[{\"changed\": {\"fields\": [\"Name\"]}}]"
    }
},
{
    "model": "admin.logentry",
    "pk": 5,
    "fields": {
        "action_time": "2022-01-22T23:48:43.743Z",
        "user": [
            "admin"
        ],
        "content_type": [
            "smupapp",
            "datatype"
        ],
        "object_id": "1",
        "object_repr": "DataType object (1)",
        "action_flag": 2,
        "change_message": "[{\"changed\": {\"fields\": [\"Name\"]}}]"
    }
},
{
    "model": "admin.logentry",
    "pk": 6,
    "fields": {
        "action_time": "2022-02-10T20:25:09.506Z",
        "user": [
            "admin"
        ],
        "content_type": [
            "smupapp",
            "employee"
        ],
        "object_id": "4",
        "object_repr": "Employee object (4)",
        "action_flag": 2,
        "change_message": "[{\"changed\": {\"fields\": [\"Id employeetype\"]}}]"
    }
},
{
    "model": "admin.logentry",
    "pk": 7,
    "fields": {
        "action_time": "2022-03-11T17:51:32.823Z",
        "user": [
            "admin"
        ],
        "content_type": [
            "smupapp",
            "timerange"
        ],
        "object_id": "3",
        "object_repr": "TimeRange object (3)",
        "action_flag": 2,
        "change_message": "[{\"changed\": {\"fields\": [\"Name\"]}}]"
    }
},
{
    "model": "admin.logentry",
    "pk": 8,
    "fields": {
        "action_time": "2022-03-11T17:51:40.577Z",
        "user": [
            "admin"
        ],
        "content_type": [
            "smupapp",
            "timerange"
        ],
        "object_id": "2",
        "object_repr": "TimeRange object (2)",
        "action_flag": 2,
        "change_message": "[{\"changed\": {\"fields\": [\"Name\"]}}]"
    }
},
{
    "model": "admin.logentry",
    "pk": 9,
    "fields": {
        "action_time": "2022-03-11T17:51:47.073Z",
        "user": [
            "admin"
        ],
        "content_type": [
            "smupapp",
            "timerange"
        ],
        "object_id": "1",
        "object_repr": "TimeRange object (1)",
        "action_flag": 2,
        "change_message": "[{\"changed\": {\"fields\": [\"Name\"]}}]"
    }
},
{
    "model": "admin.logentry",
    "pk": 10,
    "fields": {
        "action_time": "2022-03-11T17:51:58.106Z",
        "user": [
            "admin"
        ],
        "content_type": [
            "smupapp",
            "datatype"
        ],
        "object_id": "2",
        "object_repr": "DataType object (2)",
        "action_flag": 2,
        "change_message": "[{\"changed\": {\"fields\": [\"Name\"]}}]"
    }
},
{
    "model": "admin.logentry",
    "pk": 11,
    "fields": {
        "action_time": "2022-03-11T17:52:04.974Z",
        "user": [
            "admin"
        ],
        "content_type": [
            "smupapp",
            "datatype"
        ],
        "object_id": "1",
        "object_repr": "DataType object (1)",
        "action_flag": 2,
        "change_message": "[{\"changed\": {\"fields\": [\"Name\"]}}]"
    }
}
]
