[{"model": "auth.permission", "pk": 1, "fields": {"name": "Can add permission", "content_type": 1, "codename": "add_permission"}}, {"model": "auth.permission", "pk": 2, "fields": {"name": "Can change permission", "content_type": 1, "codename": "change_permission"}}, {"model": "auth.permission", "pk": 3, "fields": {"name": "Can delete permission", "content_type": 1, "codename": "delete_permission"}}, {"model": "auth.permission", "pk": 4, "fields": {"name": "Can view permission", "content_type": 1, "codename": "view_permission"}}, {"model": "auth.permission", "pk": 5, "fields": {"name": "Can add group", "content_type": 2, "codename": "add_group"}}, {"model": "auth.permission", "pk": 6, "fields": {"name": "Can change group", "content_type": 2, "codename": "change_group"}}, {"model": "auth.permission", "pk": 7, "fields": {"name": "Can delete group", "content_type": 2, "codename": "delete_group"}}, {"model": "auth.permission", "pk": 8, "fields": {"name": "Can view group", "content_type": 2, "codename": "view_group"}}, {"model": "auth.permission", "pk": 9, "fields": {"name": "Can add user", "content_type": 3, "codename": "add_user"}}, {"model": "auth.permission", "pk": 10, "fields": {"name": "Can change user", "content_type": 3, "codename": "change_user"}}, {"model": "auth.permission", "pk": 11, "fields": {"name": "Can delete user", "content_type": 3, "codename": "delete_user"}}, {"model": "auth.permission", "pk": 12, "fields": {"name": "Can view user", "content_type": 3, "codename": "view_user"}}, {"model": "auth.permission", "pk": 13, "fields": {"name": "Can add content type", "content_type": 4, "codename": "add_contenttype"}}, {"model": "auth.permission", "pk": 14, "fields": {"name": "Can change content type", "content_type": 4, "codename": "change_contenttype"}}, {"model": "auth.permission", "pk": 15, "fields": {"name": "Can delete content type", "content_type": 4, "codename": "delete_contenttype"}}, {"model": "auth.permission", "pk": 16, "fields": {"name": "Can view content type", "content_type": 4, "codename": "view_contenttype"}}, {"model": "auth.permission", "pk": 17, "fields": {"name": "Can add log entry", "content_type": 5, "codename": "add_logentry"}}, {"model": "auth.permission", "pk": 18, "fields": {"name": "Can change log entry", "content_type": 5, "codename": "change_logentry"}}, {"model": "auth.permission", "pk": 19, "fields": {"name": "Can delete log entry", "content_type": 5, "codename": "delete_logentry"}}, {"model": "auth.permission", "pk": 20, "fields": {"name": "Can view log entry", "content_type": 5, "codename": "view_logentry"}}, {"model": "auth.permission", "pk": 21, "fields": {"name": "Can add session", "content_type": 6, "codename": "add_session"}}, {"model": "auth.permission", "pk": 22, "fields": {"name": "Can change session", "content_type": 6, "codename": "change_session"}}, {"model": "auth.permission", "pk": 23, "fields": {"name": "Can delete session", "content_type": 6, "codename": "delete_session"}}, {"model": "auth.permission", "pk": 24, "fields": {"name": "Can view session", "content_type": 6, "codename": "view_session"}}, {"model": "auth.permission", "pk": 25, "fields": {"name": "Can add auth group", "content_type": 7, "codename": "add_authgroup"}}, {"model": "auth.permission", "pk": 26, "fields": {"name": "Can change auth group", "content_type": 7, "codename": "change_authgroup"}}, {"model": "auth.permission", "pk": 27, "fields": {"name": "Can delete auth group", "content_type": 7, "codename": "delete_authgroup"}}, {"model": "auth.permission", "pk": 28, "fields": {"name": "Can view auth group", "content_type": 7, "codename": "view_authgroup"}}, {"model": "auth.permission", "pk": 29, "fields": {"name": "Can add auth group permissions", "content_type": 8, "codename": "add_authgrouppermissions"}}, {"model": "auth.permission", "pk": 30, "fields": {"name": "Can change auth group permissions", "content_type": 8, "codename": "change_authgrouppermissions"}}, {"model": "auth.permission", "pk": 31, "fields": {"name": "Can delete auth group permissions", "content_type": 8, "codename": "delete_authgrouppermissions"}}, {"model": "auth.permission", "pk": 32, "fields": {"name": "Can view auth group permissions", "content_type": 8, "codename": "view_authgrouppermissions"}}, {"model": "auth.permission", "pk": 33, "fields": {"name": "Can add auth permission", "content_type": 9, "codename": "add_authpermission"}}, {"model": "auth.permission", "pk": 34, "fields": {"name": "Can change auth permission", "content_type": 9, "codename": "change_authpermission"}}, {"model": "auth.permission", "pk": 35, "fields": {"name": "Can delete auth permission", "content_type": 9, "codename": "delete_authpermission"}}, {"model": "auth.permission", "pk": 36, "fields": {"name": "Can view auth permission", "content_type": 9, "codename": "view_authpermission"}}, {"model": "auth.permission", "pk": 37, "fields": {"name": "Can add auth user", "content_type": 10, "codename": "add_authuser"}}, {"model": "auth.permission", "pk": 38, "fields": {"name": "Can change auth user", "content_type": 10, "codename": "change_authuser"}}, {"model": "auth.permission", "pk": 39, "fields": {"name": "Can delete auth user", "content_type": 10, "codename": "delete_authuser"}}, {"model": "auth.permission", "pk": 40, "fields": {"name": "Can view auth user", "content_type": 10, "codename": "view_authuser"}}, {"model": "auth.permission", "pk": 41, "fields": {"name": "Can add auth user groups", "content_type": 11, "codename": "add_authusergroups"}}, {"model": "auth.permission", "pk": 42, "fields": {"name": "Can change auth user groups", "content_type": 11, "codename": "change_authusergroups"}}, {"model": "auth.permission", "pk": 43, "fields": {"name": "Can delete auth user groups", "content_type": 11, "codename": "delete_authusergroups"}}, {"model": "auth.permission", "pk": 44, "fields": {"name": "Can view auth user groups", "content_type": 11, "codename": "view_authusergroups"}}, {"model": "auth.permission", "pk": 45, "fields": {"name": "Can add auth user user permissions", "content_type": 12, "codename": "add_authuseruserpermissions"}}, {"model": "auth.permission", "pk": 46, "fields": {"name": "Can change auth user user permissions", "content_type": 12, "codename": "change_authuseruserpermissions"}}, {"model": "auth.permission", "pk": 47, "fields": {"name": "Can delete auth user user permissions", "content_type": 12, "codename": "delete_authuseruserpermissions"}}, {"model": "auth.permission", "pk": 48, "fields": {"name": "Can view auth user user permissions", "content_type": 12, "codename": "view_authuseruserpermissions"}}, {"model": "auth.permission", "pk": 49, "fields": {"name": "Can add django admin log", "content_type": 13, "codename": "add_djangoadminlog"}}, {"model": "auth.permission", "pk": 50, "fields": {"name": "Can change django admin log", "content_type": 13, "codename": "change_djangoadminlog"}}, {"model": "auth.permission", "pk": 51, "fields": {"name": "Can delete django admin log", "content_type": 13, "codename": "delete_djangoadminlog"}}, {"model": "auth.permission", "pk": 52, "fields": {"name": "Can view django admin log", "content_type": 13, "codename": "view_djangoadminlog"}}, {"model": "auth.permission", "pk": 53, "fields": {"name": "Can add django content type", "content_type": 14, "codename": "add_djangocontenttype"}}, {"model": "auth.permission", "pk": 54, "fields": {"name": "Can change django content type", "content_type": 14, "codename": "change_djangocontenttype"}}, {"model": "auth.permission", "pk": 55, "fields": {"name": "Can delete django content type", "content_type": 14, "codename": "delete_djangocontenttype"}}, {"model": "auth.permission", "pk": 56, "fields": {"name": "Can view django content type", "content_type": 14, "codename": "view_djangocontenttype"}}, {"model": "auth.permission", "pk": 57, "fields": {"name": "Can add django migrations", "content_type": 15, "codename": "add_djangomigrations"}}, {"model": "auth.permission", "pk": 58, "fields": {"name": "Can change django migrations", "content_type": 15, "codename": "change_djangomigrations"}}, {"model": "auth.permission", "pk": 59, "fields": {"name": "Can delete django migrations", "content_type": 15, "codename": "delete_djangomigrations"}}, {"model": "auth.permission", "pk": 60, "fields": {"name": "Can view django migrations", "content_type": 15, "codename": "view_djangomigrations"}}, {"model": "auth.permission", "pk": 61, "fields": {"name": "Can add django session", "content_type": 16, "codename": "add_djangosession"}}, {"model": "auth.permission", "pk": 62, "fields": {"name": "Can change django session", "content_type": 16, "codename": "change_djangosession"}}, {"model": "auth.permission", "pk": 63, "fields": {"name": "Can delete django session", "content_type": 16, "codename": "delete_djangosession"}}, {"model": "auth.permission", "pk": 64, "fields": {"name": "Can view django session", "content_type": 16, "codename": "view_djangosession"}}, {"model": "auth.permission", "pk": 65, "fields": {"name": "Can add data type", "content_type": 17, "codename": "add_datatype"}}, {"model": "auth.permission", "pk": 66, "fields": {"name": "Can change data type", "content_type": 17, "codename": "change_datatype"}}, {"model": "auth.permission", "pk": 67, "fields": {"name": "Can delete data type", "content_type": 17, "codename": "delete_datatype"}}, {"model": "auth.permission", "pk": 68, "fields": {"name": "Can view data type", "content_type": 17, "codename": "view_datatype"}}, {"model": "auth.permission", "pk": 69, "fields": {"name": "Can add employee", "content_type": 18, "codename": "add_employee"}}, {"model": "auth.permission", "pk": 70, "fields": {"name": "Can change employee", "content_type": 18, "codename": "change_employee"}}, {"model": "auth.permission", "pk": 71, "fields": {"name": "Can delete employee", "content_type": 18, "codename": "delete_employee"}}, {"model": "auth.permission", "pk": 72, "fields": {"name": "Can view employee", "content_type": 18, "codename": "view_employee"}}, {"model": "auth.permission", "pk": 73, "fields": {"name": "Can add employeetype", "content_type": 19, "codename": "add_employeetype"}}, {"model": "auth.permission", "pk": 74, "fields": {"name": "Can change employeetype", "content_type": 19, "codename": "change_employeetype"}}, {"model": "auth.permission", "pk": 75, "fields": {"name": "Can delete employeetype", "content_type": 19, "codename": "delete_employeetype"}}, {"model": "auth.permission", "pk": 76, "fields": {"name": "Can view employeetype", "content_type": 19, "codename": "view_employeetype"}}, {"model": "auth.permission", "pk": 77, "fields": {"name": "Can add process", "content_type": 20, "codename": "add_process"}}, {"model": "auth.permission", "pk": 78, "fields": {"name": "Can change process", "content_type": 20, "codename": "change_process"}}, {"model": "auth.permission", "pk": 79, "fields": {"name": "Can delete process", "content_type": 20, "codename": "delete_process"}}, {"model": "auth.permission", "pk": 80, "fields": {"name": "Can view process", "content_type": 20, "codename": "view_process"}}, {"model": "auth.permission", "pk": 81, "fields": {"name": "Can add rule", "content_type": 21, "codename": "add_rule"}}, {"model": "auth.permission", "pk": 82, "fields": {"name": "Can change rule", "content_type": 21, "codename": "change_rule"}}, {"model": "auth.permission", "pk": 83, "fields": {"name": "Can delete rule", "content_type": 21, "codename": "delete_rule"}}, {"model": "auth.permission", "pk": 84, "fields": {"name": "Can view rule", "content_type": 21, "codename": "view_rule"}}, {"model": "auth.permission", "pk": 85, "fields": {"name": "Can add time range", "content_type": 22, "codename": "add_timerange"}}, {"model": "auth.permission", "pk": 86, "fields": {"name": "Can change time range", "content_type": 22, "codename": "change_timerange"}}, {"model": "auth.permission", "pk": 87, "fields": {"name": "Can delete time range", "content_type": 22, "codename": "delete_timerange"}}, {"model": "auth.permission", "pk": 88, "fields": {"name": "Can view time range", "content_type": 22, "codename": "view_timerange"}}, {"model": "auth.permission", "pk": 89, "fields": {"name": "Can add unit", "content_type": 23, "codename": "add_unit"}}, {"model": "auth.permission", "pk": 90, "fields": {"name": "Can change unit", "content_type": 23, "codename": "change_unit"}}, {"model": "auth.permission", "pk": 91, "fields": {"name": "Can delete unit", "content_type": 23, "codename": "delete_unit"}}, {"model": "auth.permission", "pk": 92, "fields": {"name": "Can view unit", "content_type": 23, "codename": "view_unit"}}, {"model": "auth.permission", "pk": 93, "fields": {"name": "Can add rule has process", "content_type": 24, "codename": "add_rulehasprocess"}}, {"model": "auth.permission", "pk": 94, "fields": {"name": "Can change rule has process", "content_type": 24, "codename": "change_rulehasprocess"}}, {"model": "auth.permission", "pk": 95, "fields": {"name": "Can delete rule has process", "content_type": 24, "codename": "delete_rulehasprocess"}}, {"model": "auth.permission", "pk": 96, "fields": {"name": "Can view rule has process", "content_type": 24, "codename": "view_rulehasprocess"}}, {"model": "auth.permission", "pk": 97, "fields": {"name": "Can add rule has employee", "content_type": 25, "codename": "add_rulehasemployee"}}, {"model": "auth.permission", "pk": 98, "fields": {"name": "Can change rule has employee", "content_type": 25, "codename": "change_rulehasemployee"}}, {"model": "auth.permission", "pk": 99, "fields": {"name": "Can delete rule has employee", "content_type": 25, "codename": "delete_rulehasemployee"}}, {"model": "auth.permission", "pk": 100, "fields": {"name": "Can view rule has employee", "content_type": 25, "codename": "view_rulehasemployee"}}, {"model": "auth.permission", "pk": 101, "fields": {"name": "Can add activity", "content_type": 26, "codename": "add_activity"}}, {"model": "auth.permission", "pk": 102, "fields": {"name": "Can change activity", "content_type": 26, "codename": "change_activity"}}, {"model": "auth.permission", "pk": 103, "fields": {"name": "Can delete activity", "content_type": 26, "codename": "delete_activity"}}, {"model": "auth.permission", "pk": 104, "fields": {"name": "Can view activity", "content_type": 26, "codename": "view_activity"}}, {"model": "auth.user", "pk": 2, "fields": {"password": "pbkdf2_sha256$320000$ekfXFv4ngnR4matyHUIRVD$9Top52i4PLDI8il2CNefCTPVCUcVB3UEWluDNYKq1gE=", "last_login": "2022-01-22T09:30:17.220Z", "is_superuser": true, "username": "admin", "first_name": "", "last_name": "", "email": "user@email.com", "is_staff": true, "is_active": true, "date_joined": "2022-01-21T14:57:37Z", "groups": [], "user_permissions": []}}, {"model": "auth.user", "pk": 3, "fields": {"password": "pbkdf2_sha256$320000$zGMlKU2zkKBqovK2ljtK4O$MAlBJG+bQ4zo3ER697pMA8xo8rlQ5HqvnjBX3AEpNVA=", "last_login": "2022-01-22T07:57:22.461Z", "is_superuser": false, "username": "mInglot", "first_name": "", "last_name": "", "email": "mInglot", "is_staff": false, "is_active": true, "date_joined": "2022-01-21T15:28:49.833Z", "groups": [], "user_permissions": []}}, {"model": "contenttypes.contenttype", "pk": 1, "fields": {"app_label": "auth", "model": "permission"}}, {"model": "contenttypes.contenttype", "pk": 2, "fields": {"app_label": "auth", "model": "group"}}, {"model": "contenttypes.contenttype", "pk": 3, "fields": {"app_label": "auth", "model": "user"}}, {"model": "contenttypes.contenttype", "pk": 4, "fields": {"app_label": "contenttypes", "model": "contenttype"}}, {"model": "contenttypes.contenttype", "pk": 5, "fields": {"app_label": "admin", "model": "logentry"}}, {"model": "contenttypes.contenttype", "pk": 6, "fields": {"app_label": "sessions", "model": "session"}}, {"model": "contenttypes.contenttype", "pk": 7, "fields": {"app_label": "smupapp", "model": "authgroup"}}, {"model": "contenttypes.contenttype", "pk": 8, "fields": {"app_label": "smupapp", "model": "authgrouppermissions"}}, {"model": "contenttypes.contenttype", "pk": 9, "fields": {"app_label": "smupapp", "model": "authpermission"}}, {"model": "contenttypes.contenttype", "pk": 10, "fields": {"app_label": "smupapp", "model": "authuser"}}, {"model": "contenttypes.contenttype", "pk": 11, "fields": {"app_label": "smupapp", "model": "authusergroups"}}, {"model": "contenttypes.contenttype", "pk": 12, "fields": {"app_label": "smupapp", "model": "authuseruserpermissions"}}, {"model": "contenttypes.contenttype", "pk": 13, "fields": {"app_label": "smupapp", "model": "djangoadminlog"}}, {"model": "contenttypes.contenttype", "pk": 14, "fields": {"app_label": "smupapp", "model": "djangocontenttype"}}, {"model": "contenttypes.contenttype", "pk": 15, "fields": {"app_label": "smupapp", "model": "djangomigrations"}}, {"model": "contenttypes.contenttype", "pk": 16, "fields": {"app_label": "smupapp", "model": "djangosession"}}, {"model": "contenttypes.contenttype", "pk": 17, "fields": {"app_label": "smupapp", "model": "datatype"}}, {"model": "contenttypes.contenttype", "pk": 18, "fields": {"app_label": "smupapp", "model": "employee"}}, {"model": "contenttypes.contenttype", "pk": 19, "fields": {"app_label": "smupapp", "model": "employeetype"}}, {"model": "contenttypes.contenttype", "pk": 20, "fields": {"app_label": "smupapp", "model": "process"}}, {"model": "contenttypes.contenttype", "pk": 21, "fields": {"app_label": "smupapp", "model": "rule"}}, {"model": "contenttypes.contenttype", "pk": 22, "fields": {"app_label": "smupapp", "model": "timerange"}}, {"model": "contenttypes.contenttype", "pk": 23, "fields": {"app_label": "smupapp", "model": "unit"}}, {"model": "contenttypes.contenttype", "pk": 24, "fields": {"app_label": "smupapp", "model": "rulehasprocess"}}, {"model": "contenttypes.contenttype", "pk": 25, "fields": {"app_label": "smupapp", "model": "rulehasemployee"}}, {"model": "contenttypes.contenttype", "pk": 26, "fields": {"app_label": "smupapp", "model": "activity"}}, {"model": "sessions.session", "pk": "8ex1q4fqu2t9k0hs91tfvis9cwotpj3k", "fields": {"session_data": ".eJxVjMsKwjAQAP8lZwnb5u3Re78hZHeDqUoCTXsS_10CPeh1Zpi3iOnYSzx63uLK4iqUuPwyTPTMdQh-pHpvklrdtxXlSORpu1wa59ftbP8GJfUytpN3xBMaDcGD5pQ9o_YBwWSfgRwqS5aCIk6AOAMaAw7BBkdWuVl8vt_wN5s:1nBBH0:lQNn792b6Ugd8CQdfjWSJRsIy3tRjJlUU6s2XaS7ly0", "expire_date": "2022-02-05T07:57:22.478Z"}}, {"model": "sessions.session", "pk": "eqxz5tor60av9wwku21xqq8pqdcp5fce", "fields": {"session_data": ".eJxVjEsOwjAMBe-SNYqa2K1iluw5Q2UnDimgVOpnVXF3WqkL2L6ZeZvpeV1Kv8469UMyV-PN5XcTji-tB0hPro_RxrEu0yD2UOxJZ3sfk75vp_t3UHguex0Ig6KAA9cBOwKlwIS-bQMgsUgghdz43GhKjCl3YbciEZAQCprPF8BBN2Q:1nBCGU:P3ar5z-bs4jicSfnLMGJD2cUfUhIw-faPLcDJSzpQUI", "expire_date": "2022-02-05T09:00:54.416Z"}}, {"model": "sessions.session", "pk": "pte32y7h3djcvm0x1vv7p5xtsuvoe97z", "fields": {"session_data": ".eJxVjEEOwiAQRe_C2hA6SJm6dN8zNAMzSNVAUtqV8e7apAvd_vfef6mJtjVPW5NlmlldFKjT7xYoPqTsgO9UblXHWtZlDnpX9EGbHivL83q4fweZWv7WBGcPzB7AdwbJWyDiATFJ73zfsbODSU4QGA0bScZCCDEhWmfIcVTvD8vKN6I:1nBCiv:2ldxIMKtIJ_bVZw9e4u1DdQew1z6un0JuK0GxPWXwxs", "expire_date": "2022-02-05T09:30:17.225Z"}}, {"model": "smupapp.authpermission", "pk": 1, "fields": {"name": "Can add permission", "content_type": 1, "codename": "add_permission"}}, {"model": "smupapp.authpermission", "pk": 2, "fields": {"name": "Can change permission", "content_type": 1, "codename": "change_permission"}}, {"model": "smupapp.authpermission", "pk": 3, "fields": {"name": "Can delete permission", "content_type": 1, "codename": "delete_permission"}}, {"model": "smupapp.authpermission", "pk": 4, "fields": {"name": "Can view permission", "content_type": 1, "codename": "view_permission"}}, {"model": "smupapp.authpermission", "pk": 5, "fields": {"name": "Can add group", "content_type": 2, "codename": "add_group"}}, {"model": "smupapp.authpermission", "pk": 6, "fields": {"name": "Can change group", "content_type": 2, "codename": "change_group"}}, {"model": "smupapp.authpermission", "pk": 7, "fields": {"name": "Can delete group", "content_type": 2, "codename": "delete_group"}}, {"model": "smupapp.authpermission", "pk": 8, "fields": {"name": "Can view group", "content_type": 2, "codename": "view_group"}}, {"model": "smupapp.authpermission", "pk": 9, "fields": {"name": "Can add user", "content_type": 3, "codename": "add_user"}}, {"model": "smupapp.authpermission", "pk": 10, "fields": {"name": "Can change user", "content_type": 3, "codename": "change_user"}}, {"model": "smupapp.authpermission", "pk": 11, "fields": {"name": "Can delete user", "content_type": 3, "codename": "delete_user"}}, {"model": "smupapp.authpermission", "pk": 12, "fields": {"name": "Can view user", "content_type": 3, "codename": "view_user"}}, {"model": "smupapp.authpermission", "pk": 13, "fields": {"name": "Can add content type", "content_type": 4, "codename": "add_contenttype"}}, {"model": "smupapp.authpermission", "pk": 14, "fields": {"name": "Can change content type", "content_type": 4, "codename": "change_contenttype"}}, {"model": "smupapp.authpermission", "pk": 15, "fields": {"name": "Can delete content type", "content_type": 4, "codename": "delete_contenttype"}}, {"model": "smupapp.authpermission", "pk": 16, "fields": {"name": "Can view content type", "content_type": 4, "codename": "view_contenttype"}}, {"model": "smupapp.authpermission", "pk": 17, "fields": {"name": "Can add log entry", "content_type": 5, "codename": "add_logentry"}}, {"model": "smupapp.authpermission", "pk": 18, "fields": {"name": "Can change log entry", "content_type": 5, "codename": "change_logentry"}}, {"model": "smupapp.authpermission", "pk": 19, "fields": {"name": "Can delete log entry", "content_type": 5, "codename": "delete_logentry"}}, {"model": "smupapp.authpermission", "pk": 20, "fields": {"name": "Can view log entry", "content_type": 5, "codename": "view_logentry"}}, {"model": "smupapp.authpermission", "pk": 21, "fields": {"name": "Can add session", "content_type": 6, "codename": "add_session"}}, {"model": "smupapp.authpermission", "pk": 22, "fields": {"name": "Can change session", "content_type": 6, "codename": "change_session"}}, {"model": "smupapp.authpermission", "pk": 23, "fields": {"name": "Can delete session", "content_type": 6, "codename": "delete_session"}}, {"model": "smupapp.authpermission", "pk": 24, "fields": {"name": "Can view session", "content_type": 6, "codename": "view_session"}}, {"model": "smupapp.authpermission", "pk": 25, "fields": {"name": "Can add auth group", "content_type": 7, "codename": "add_authgroup"}}, {"model": "smupapp.authpermission", "pk": 26, "fields": {"name": "Can change auth group", "content_type": 7, "codename": "change_authgroup"}}, {"model": "smupapp.authpermission", "pk": 27, "fields": {"name": "Can delete auth group", "content_type": 7, "codename": "delete_authgroup"}}, {"model": "smupapp.authpermission", "pk": 28, "fields": {"name": "Can view auth group", "content_type": 7, "codename": "view_authgroup"}}, {"model": "smupapp.authpermission", "pk": 29, "fields": {"name": "Can add auth group permissions", "content_type": 8, "codename": "add_authgrouppermissions"}}, {"model": "smupapp.authpermission", "pk": 30, "fields": {"name": "Can change auth group permissions", "content_type": 8, "codename": "change_authgrouppermissions"}}, {"model": "smupapp.authpermission", "pk": 31, "fields": {"name": "Can delete auth group permissions", "content_type": 8, "codename": "delete_authgrouppermissions"}}, {"model": "smupapp.authpermission", "pk": 32, "fields": {"name": "Can view auth group permissions", "content_type": 8, "codename": "view_authgrouppermissions"}}, {"model": "smupapp.authpermission", "pk": 33, "fields": {"name": "Can add auth permission", "content_type": 9, "codename": "add_authpermission"}}, {"model": "smupapp.authpermission", "pk": 34, "fields": {"name": "Can change auth permission", "content_type": 9, "codename": "change_authpermission"}}, {"model": "smupapp.authpermission", "pk": 35, "fields": {"name": "Can delete auth permission", "content_type": 9, "codename": "delete_authpermission"}}, {"model": "smupapp.authpermission", "pk": 36, "fields": {"name": "Can view auth permission", "content_type": 9, "codename": "view_authpermission"}}, {"model": "smupapp.authpermission", "pk": 37, "fields": {"name": "Can add auth user", "content_type": 10, "codename": "add_authuser"}}, {"model": "smupapp.authpermission", "pk": 38, "fields": {"name": "Can change auth user", "content_type": 10, "codename": "change_authuser"}}, {"model": "smupapp.authpermission", "pk": 39, "fields": {"name": "Can delete auth user", "content_type": 10, "codename": "delete_authuser"}}, {"model": "smupapp.authpermission", "pk": 40, "fields": {"name": "Can view auth user", "content_type": 10, "codename": "view_authuser"}}, {"model": "smupapp.authpermission", "pk": 41, "fields": {"name": "Can add auth user groups", "content_type": 11, "codename": "add_authusergroups"}}, {"model": "smupapp.authpermission", "pk": 42, "fields": {"name": "Can change auth user groups", "content_type": 11, "codename": "change_authusergroups"}}, {"model": "smupapp.authpermission", "pk": 43, "fields": {"name": "Can delete auth user groups", "content_type": 11, "codename": "delete_authusergroups"}}, {"model": "smupapp.authpermission", "pk": 44, "fields": {"name": "Can view auth user groups", "content_type": 11, "codename": "view_authusergroups"}}, {"model": "smupapp.authpermission", "pk": 45, "fields": {"name": "Can add auth user user permissions", "content_type": 12, "codename": "add_authuseruserpermissions"}}, {"model": "smupapp.authpermission", "pk": 46, "fields": {"name": "Can change auth user user permissions", "content_type": 12, "codename": "change_authuseruserpermissions"}}, {"model": "smupapp.authpermission", "pk": 47, "fields": {"name": "Can delete auth user user permissions", "content_type": 12, "codename": "delete_authuseruserpermissions"}}, {"model": "smupapp.authpermission", "pk": 48, "fields": {"name": "Can view auth user user permissions", "content_type": 12, "codename": "view_authuseruserpermissions"}}, {"model": "smupapp.authpermission", "pk": 49, "fields": {"name": "Can add django admin log", "content_type": 13, "codename": "add_djangoadminlog"}}, {"model": "smupapp.authpermission", "pk": 50, "fields": {"name": "Can change django admin log", "content_type": 13, "codename": "change_djangoadminlog"}}, {"model": "smupapp.authpermission", "pk": 51, "fields": {"name": "Can delete django admin log", "content_type": 13, "codename": "delete_djangoadminlog"}}, {"model": "smupapp.authpermission", "pk": 52, "fields": {"name": "Can view django admin log", "content_type": 13, "codename": "view_djangoadminlog"}}, {"model": "smupapp.authpermission", "pk": 53, "fields": {"name": "Can add django content type", "content_type": 14, "codename": "add_djangocontenttype"}}, {"model": "smupapp.authpermission", "pk": 54, "fields": {"name": "Can change django content type", "content_type": 14, "codename": "change_djangocontenttype"}}, {"model": "smupapp.authpermission", "pk": 55, "fields": {"name": "Can delete django content type", "content_type": 14, "codename": "delete_djangocontenttype"}}, {"model": "smupapp.authpermission", "pk": 56, "fields": {"name": "Can view django content type", "content_type": 14, "codename": "view_djangocontenttype"}}, {"model": "smupapp.authpermission", "pk": 57, "fields": {"name": "Can add django migrations", "content_type": 15, "codename": "add_djangomigrations"}}, {"model": "smupapp.authpermission", "pk": 58, "fields": {"name": "Can change django migrations", "content_type": 15, "codename": "change_djangomigrations"}}, {"model": "smupapp.authpermission", "pk": 59, "fields": {"name": "Can delete django migrations", "content_type": 15, "codename": "delete_djangomigrations"}}, {"model": "smupapp.authpermission", "pk": 60, "fields": {"name": "Can view django migrations", "content_type": 15, "codename": "view_djangomigrations"}}, {"model": "smupapp.authpermission", "pk": 61, "fields": {"name": "Can add django session", "content_type": 16, "codename": "add_djangosession"}}, {"model": "smupapp.authpermission", "pk": 62, "fields": {"name": "Can change django session", "content_type": 16, "codename": "change_djangosession"}}, {"model": "smupapp.authpermission", "pk": 63, "fields": {"name": "Can delete django session", "content_type": 16, "codename": "delete_djangosession"}}, {"model": "smupapp.authpermission", "pk": 64, "fields": {"name": "Can view django session", "content_type": 16, "codename": "view_djangosession"}}, {"model": "smupapp.authpermission", "pk": 65, "fields": {"name": "Can add data type", "content_type": 17, "codename": "add_datatype"}}, {"model": "smupapp.authpermission", "pk": 66, "fields": {"name": "Can change data type", "content_type": 17, "codename": "change_datatype"}}, {"model": "smupapp.authpermission", "pk": 67, "fields": {"name": "Can delete data type", "content_type": 17, "codename": "delete_datatype"}}, {"model": "smupapp.authpermission", "pk": 68, "fields": {"name": "Can view data type", "content_type": 17, "codename": "view_datatype"}}, {"model": "smupapp.authpermission", "pk": 69, "fields": {"name": "Can add employee", "content_type": 18, "codename": "add_employee"}}, {"model": "smupapp.authpermission", "pk": 70, "fields": {"name": "Can change employee", "content_type": 18, "codename": "change_employee"}}, {"model": "smupapp.authpermission", "pk": 71, "fields": {"name": "Can delete employee", "content_type": 18, "codename": "delete_employee"}}, {"model": "smupapp.authpermission", "pk": 72, "fields": {"name": "Can view employee", "content_type": 18, "codename": "view_employee"}}, {"model": "smupapp.authpermission", "pk": 73, "fields": {"name": "Can add employeetype", "content_type": 19, "codename": "add_employeetype"}}, {"model": "smupapp.authpermission", "pk": 74, "fields": {"name": "Can change employeetype", "content_type": 19, "codename": "change_employeetype"}}, {"model": "smupapp.authpermission", "pk": 75, "fields": {"name": "Can delete employeetype", "content_type": 19, "codename": "delete_employeetype"}}, {"model": "smupapp.authpermission", "pk": 76, "fields": {"name": "Can view employeetype", "content_type": 19, "codename": "view_employeetype"}}, {"model": "smupapp.authpermission", "pk": 77, "fields": {"name": "Can add process", "content_type": 20, "codename": "add_process"}}, {"model": "smupapp.authpermission", "pk": 78, "fields": {"name": "Can change process", "content_type": 20, "codename": "change_process"}}, {"model": "smupapp.authpermission", "pk": 79, "fields": {"name": "Can delete process", "content_type": 20, "codename": "delete_process"}}, {"model": "smupapp.authpermission", "pk": 80, "fields": {"name": "Can view process", "content_type": 20, "codename": "view_process"}}, {"model": "smupapp.authpermission", "pk": 81, "fields": {"name": "Can add rule", "content_type": 21, "codename": "add_rule"}}, {"model": "smupapp.authpermission", "pk": 82, "fields": {"name": "Can change rule", "content_type": 21, "codename": "change_rule"}}, {"model": "smupapp.authpermission", "pk": 83, "fields": {"name": "Can delete rule", "content_type": 21, "codename": "delete_rule"}}, {"model": "smupapp.authpermission", "pk": 84, "fields": {"name": "Can view rule", "content_type": 21, "codename": "view_rule"}}, {"model": "smupapp.authpermission", "pk": 85, "fields": {"name": "Can add time range", "content_type": 22, "codename": "add_timerange"}}, {"model": "smupapp.authpermission", "pk": 86, "fields": {"name": "Can change time range", "content_type": 22, "codename": "change_timerange"}}, {"model": "smupapp.authpermission", "pk": 87, "fields": {"name": "Can delete time range", "content_type": 22, "codename": "delete_timerange"}}, {"model": "smupapp.authpermission", "pk": 88, "fields": {"name": "Can view time range", "content_type": 22, "codename": "view_timerange"}}, {"model": "smupapp.authpermission", "pk": 89, "fields": {"name": "Can add unit", "content_type": 23, "codename": "add_unit"}}, {"model": "smupapp.authpermission", "pk": 90, "fields": {"name": "Can change unit", "content_type": 23, "codename": "change_unit"}}, {"model": "smupapp.authpermission", "pk": 91, "fields": {"name": "Can delete unit", "content_type": 23, "codename": "delete_unit"}}, {"model": "smupapp.authpermission", "pk": 92, "fields": {"name": "Can view unit", "content_type": 23, "codename": "view_unit"}}, {"model": "smupapp.authpermission", "pk": 93, "fields": {"name": "Can add rule has process", "content_type": 24, "codename": "add_rulehasprocess"}}, {"model": "smupapp.authpermission", "pk": 94, "fields": {"name": "Can change rule has process", "content_type": 24, "codename": "change_rulehasprocess"}}, {"model": "smupapp.authpermission", "pk": 95, "fields": {"name": "Can delete rule has process", "content_type": 24, "codename": "delete_rulehasprocess"}}, {"model": "smupapp.authpermission", "pk": 96, "fields": {"name": "Can view rule has process", "content_type": 24, "codename": "view_rulehasprocess"}}, {"model": "smupapp.authpermission", "pk": 97, "fields": {"name": "Can add rule has employee", "content_type": 25, "codename": "add_rulehasemployee"}}, {"model": "smupapp.authpermission", "pk": 98, "fields": {"name": "Can change rule has employee", "content_type": 25, "codename": "change_rulehasemployee"}}, {"model": "smupapp.authpermission", "pk": 99, "fields": {"name": "Can delete rule has employee", "content_type": 25, "codename": "delete_rulehasemployee"}}, {"model": "smupapp.authpermission", "pk": 100, "fields": {"name": "Can view rule has employee", "content_type": 25, "codename": "view_rulehasemployee"}}, {"model": "smupapp.authpermission", "pk": 101, "fields": {"name": "Can add activity", "content_type": 26, "codename": "add_activity"}}, {"model": "smupapp.authpermission", "pk": 102, "fields": {"name": "Can change activity", "content_type": 26, "codename": "change_activity"}}, {"model": "smupapp.authpermission", "pk": 103, "fields": {"name": "Can delete activity", "content_type": 26, "codename": "delete_activity"}}, {"model": "smupapp.authpermission", "pk": 104, "fields": {"name": "Can view activity", "content_type": 26, "codename": "view_activity"}}, {"model": "smupapp.authuser", "pk": 2, "fields": {"password": "pbkdf2_sha256$320000$ekfXFv4ngnR4matyHUIRVD$9Top52i4PLDI8il2CNefCTPVCUcVB3UEWluDNYKq1gE=", "last_login": "2022-01-22T09:30:17.220Z", "is_superuser": true, "username": "admin", "first_name": "", "last_name": "", "email": "user@email.com", "is_staff": true, "is_active": true, "date_joined": "2022-01-21T14:57:37Z"}}, {"model": "smupapp.authuser", "pk": 3, "fields": {"password": "pbkdf2_sha256$320000$zGMlKU2zkKBqovK2ljtK4O$MAlBJG+bQ4zo3ER697pMA8xo8rlQ5HqvnjBX3AEpNVA=", "last_login": "2022-01-22T07:57:22.461Z", "is_superuser": false, "username": "mInglot", "first_name": "", "last_name": "", "email": "mInglot", "is_staff": false, "is_active": true, "date_joined": "2022-01-21T15:28:49.833Z"}}, {"model": "smupapp.datatype", "pk": 1, "fields": {"name": "Aktywność (godz.)"}}, {"model": "smupapp.datatype", "pk": 2, "fields": {"name": "Sprawa (ilość)"}}, {"model": "smupapp.djangocontenttype", "pk": 1, "fields": {"app_label": "auth", "model": "permission"}}, {"model": "smupapp.djangocontenttype", "pk": 2, "fields": {"app_label": "auth", "model": "group"}}, {"model": "smupapp.djangocontenttype", "pk": 3, "fields": {"app_label": "auth", "model": "user"}}, {"model": "smupapp.djangocontenttype", "pk": 4, "fields": {"app_label": "contenttypes", "model": "contenttype"}}, {"model": "smupapp.djangocontenttype", "pk": 5, "fields": {"app_label": "admin", "model": "logentry"}}, {"model": "smupapp.djangocontenttype", "pk": 6, "fields": {"app_label": "sessions", "model": "session"}}, {"model": "smupapp.djangocontenttype", "pk": 7, "fields": {"app_label": "smupapp", "model": "authgroup"}}, {"model": "smupapp.djangocontenttype", "pk": 8, "fields": {"app_label": "smupapp", "model": "authgrouppermissions"}}, {"model": "smupapp.djangocontenttype", "pk": 9, "fields": {"app_label": "smupapp", "model": "authpermission"}}, {"model": "smupapp.djangocontenttype", "pk": 10, "fields": {"app_label": "smupapp", "model": "authuser"}}, {"model": "smupapp.djangocontenttype", "pk": 11, "fields": {"app_label": "smupapp", "model": "authusergroups"}}, {"model": "smupapp.djangocontenttype", "pk": 12, "fields": {"app_label": "smupapp", "model": "authuseruserpermissions"}}, {"model": "smupapp.djangocontenttype", "pk": 13, "fields": {"app_label": "smupapp", "model": "djangoadminlog"}}, {"model": "smupapp.djangocontenttype", "pk": 14, "fields": {"app_label": "smupapp", "model": "djangocontenttype"}}, {"model": "smupapp.djangocontenttype", "pk": 15, "fields": {"app_label": "smupapp", "model": "djangomigrations"}}, {"model": "smupapp.djangocontenttype", "pk": 16, "fields": {"app_label": "smupapp", "model": "djangosession"}}, {"model": "smupapp.djangocontenttype", "pk": 17, "fields": {"app_label": "smupapp", "model": "datatype"}}, {"model": "smupapp.djangocontenttype", "pk": 18, "fields": {"app_label": "smupapp", "model": "employee"}}, {"model": "smupapp.djangocontenttype", "pk": 19, "fields": {"app_label": "smupapp", "model": "employeetype"}}, {"model": "smupapp.djangocontenttype", "pk": 20, "fields": {"app_label": "smupapp", "model": "process"}}, {"model": "smupapp.djangocontenttype", "pk": 21, "fields": {"app_label": "smupapp", "model": "rule"}}, {"model": "smupapp.djangocontenttype", "pk": 22, "fields": {"app_label": "smupapp", "model": "timerange"}}, {"model": "smupapp.djangocontenttype", "pk": 23, "fields": {"app_label": "smupapp", "model": "unit"}}, {"model": "smupapp.djangocontenttype", "pk": 24, "fields": {"app_label": "smupapp", "model": "rulehasprocess"}}, {"model": "smupapp.djangocontenttype", "pk": 25, "fields": {"app_label": "smupapp", "model": "rulehasemployee"}}, {"model": "smupapp.djangocontenttype", "pk": 26, "fields": {"app_label": "smupapp", "model": "activity"}}, {"model": "smupapp.djangomigrations", "pk": 1, "fields": {"app": "contenttypes", "name": "0001_initial", "applied": "2022-01-21T14:47:49.577Z"}}, {"model": "smupapp.djangomigrations", "pk": 2, "fields": {"app": "auth", "name": "0001_initial", "applied": "2022-01-21T14:47:54.433Z"}}, {"model": "smupapp.djangomigrations", "pk": 3, "fields": {"app": "contenttypes", "name": "0002_remove_content_type_name", "applied": "2022-01-21T14:47:55.035Z"}}, {"model": "smupapp.djangomigrations", "pk": 4, "fields": {"app": "auth", "name": "0002_alter_permission_name_max_length", "applied": "2022-01-21T14:47:55.636Z"}}, {"model": "smupapp.djangomigrations", "pk": 5, "fields": {"app": "auth", "name": "0003_alter_user_email_max_length", "applied": "2022-01-21T14:47:56.230Z"}}, {"model": "smupapp.djangomigrations", "pk": 6, "fields": {"app": "auth", "name": "0004_alter_user_username_opts", "applied": "2022-01-21T14:47:56.705Z"}}, {"model": "smupapp.djangomigrations", "pk": 7, "fields": {"app": "auth", "name": "0005_alter_user_last_login_null", "applied": "2022-01-21T14:47:57.300Z"}}, {"model": "smupapp.djangomigrations", "pk": 8, "fields": {"app": "auth", "name": "0006_require_contenttypes_0002", "applied": "2022-01-21T14:47:57.770Z"}}, {"model": "smupapp.djangomigrations", "pk": 9, "fields": {"app": "auth", "name": "0007_alter_validators_add_error_messages", "applied": "2022-01-21T14:47:58.245Z"}}, {"model": "smupapp.djangomigrations", "pk": 10, "fields": {"app": "auth", "name": "0008_alter_user_username_max_length", "applied": "2022-01-21T14:47:58.912Z"}}, {"model": "smupapp.djangomigrations", "pk": 11, "fields": {"app": "auth", "name": "0009_alter_user_last_name_max_length", "applied": "2022-01-21T14:47:59.508Z"}}, {"model": "smupapp.djangomigrations", "pk": 12, "fields": {"app": "auth", "name": "0010_alter_group_name_max_length", "applied": "2022-01-21T14:48:00.105Z"}}, {"model": "smupapp.djangomigrations", "pk": 13, "fields": {"app": "auth", "name": "0011_update_proxy_permissions", "applied": "2022-01-21T14:48:00.582Z"}}, {"model": "smupapp.djangomigrations", "pk": 14, "fields": {"app": "auth", "name": "0012_alter_user_first_name_max_length", "applied": "2022-01-21T14:48:01.187Z"}}, {"model": "smupapp.djangomigrations", "pk": 15, "fields": {"app": "admin", "name": "0001_initial", "applied": "2022-01-21T14:48:19.300Z"}}, {"model": "smupapp.djangomigrations", "pk": 16, "fields": {"app": "admin", "name": "0002_logentry_remove_auto_add", "applied": "2022-01-21T14:48:19.666Z"}}, {"model": "smupapp.djangomigrations", "pk": 17, "fields": {"app": "admin", "name": "0003_logentry_add_action_flag_choices", "applied": "2022-01-21T14:48:20.154Z"}}, {"model": "smupapp.djangomigrations", "pk": 18, "fields": {"app": "sessions", "name": "0001_initial", "applied": "2022-01-21T14:48:21.234Z"}}, {"model": "smupapp.djangomigrations", "pk": 19, "fields": {"app": "smupapp", "name": "0001_initial", "applied": "2022-01-21T14:48:27.069Z"}}, {"model": "smupapp.djangomigrations", "pk": 20, "fields": {"app": "smupapp", "name": "0002_auto_20220121_1547", "applied": "2022-01-21T14:48:27.453Z"}}, {"model": "smupapp.djangomigrations", "pk": 21, "fields": {"app": "smupapp", "name": "0003_auto_20220121_1550", "applied": "2022-01-21T14:50:51.068Z"}}, {"model": "smupapp.djangosession", "pk": "8ex1q4fqu2t9k0hs91tfvis9cwotpj3k", "fields": {"session_data": ".eJxVjMsKwjAQAP8lZwnb5u3Re78hZHeDqUoCTXsS_10CPeh1Zpi3iOnYSzx63uLK4iqUuPwyTPTMdQh-pHpvklrdtxXlSORpu1wa59ftbP8GJfUytpN3xBMaDcGD5pQ9o_YBwWSfgRwqS5aCIk6AOAMaAw7BBkdWuVl8vt_wN5s:1nBBH0:lQNn792b6Ugd8CQdfjWSJRsIy3tRjJlUU6s2XaS7ly0", "expire_date": "2022-02-05T07:57:22.478Z"}}, {"model": "smupapp.djangosession", "pk": "eqxz5tor60av9wwku21xqq8pqdcp5fce", "fields": {"session_data": ".eJxVjEsOwjAMBe-SNYqa2K1iluw5Q2UnDimgVOpnVXF3WqkL2L6ZeZvpeV1Kv8469UMyV-PN5XcTji-tB0hPro_RxrEu0yD2UOxJZ3sfk75vp_t3UHguex0Ig6KAA9cBOwKlwIS-bQMgsUgghdz43GhKjCl3YbciEZAQCprPF8BBN2Q:1nBCGU:P3ar5z-bs4jicSfnLMGJD2cUfUhIw-faPLcDJSzpQUI", "expire_date": "2022-02-05T09:00:54.416Z"}}, {"model": "smupapp.djangosession", "pk": "pte32y7h3djcvm0x1vv7p5xtsuvoe97z", "fields": {"session_data": ".eJxVjEEOwiAQRe_C2hA6SJm6dN8zNAMzSNVAUtqV8e7apAvd_vfef6mJtjVPW5NlmlldFKjT7xYoPqTsgO9UblXHWtZlDnpX9EGbHivL83q4fweZWv7WBGcPzB7AdwbJWyDiATFJ73zfsbODSU4QGA0bScZCCDEhWmfIcVTvD8vKN6I:1nBCiv:2ldxIMKtIJ_bVZw9e4u1DdQew1z6un0JuK0GxPWXwxs", "expire_date": "2022-02-05T09:30:17.225Z"}}, {"model": "smupapp.employee", "pk": 1, "fields": {"name": "Magdalena", "surname": "Inglot", "id_unit": 1, "id_employeetype": 1, "auth_user": 3}}, {"model": "smupapp.employeetype", "pk": 1, "fields": {"name": "ADMIN"}}, {"model": "smupapp.employeetype", "pk": 2, "fields": {"name": "USER"}}, {"model": "smupapp.employeetype", "pk": 3, "fields": {"name": "MANAGER"}}, {"model": "smupapp.employeetype", "pk": 4, "fields": {"name": "PROCESS MANAGER"}}, {"model": "smupapp.process", "pk": 1, "fields": {"name": "Test123", "tip": "Sss", "id_number": 1, "id_mainprocess": null}}, {"model": "smupapp.process", "pk": 2, "fields": {"name": "test1", "tip": "", "id_number": 1, "id_mainprocess": 1}}, {"model": "smupapp.process", "pk": 3, "fields": {"name": "test2", "tip": "", "id_number": 2, "id_mainprocess": 1}}, {"model": "smupapp.process", "pk": 4, "fields": {"name": "123", "tip": "", "id_number": 1, "id_mainprocess": 3}}, {"model": "smupapp.process", "pk": 5, "fields": {"name": "Tty", "tip": "Tuil", "id_number": 2, "id_mainprocess": null}}, {"model": "smupapp.process", "pk": 6, "fields": {"name": "Rrr", "tip": "", "id_number": 3, "id_mainprocess": null}}, {"model": "smupapp.rule", "pk": 1, "fields": {"name": "test", "max": 10.1, "time_from": "2022-01-01", "time_to": "2022-03-31", "time_range": 2, "data_type": 1, "is_active": 1}}, {"model": "smupapp.rulehasemployee", "pk": 1, "fields": {"rule_id_rule": 1, "employee_id_employee": 1}}, {"model": "smupapp.rulehasprocess", "pk": 1, "fields": {"process_id_process": 2, "rule_id_rule": 1}}, {"model": "smupapp.rulehasprocess", "pk": 2, "fields": {"process_id_process": 3, "rule_id_rule": 1}}, {"model": "smupapp.timerange", "pk": 1, "fields": {"name": "Dzień"}}, {"model": "smupapp.timerange", "pk": 2, "fields": {"name": "Tydzień"}}, {"model": "smupapp.timerange", "pk": 3, "fields": {"name": "Miesiąc"}}, {"model": "smupapp.unit", "pk": 1, "fields": {"name": "Test"}}]